1,10kV I母备用回路I~WDH-821A~遥脉~正向无功电度,10kV I母备用回路I~WDH-821A~遥脉~正向无功电度,10kV I母备用回路I~WDH-821A~遥脉~正向无功电度,1,1
2,10kV I母备用回路I~WDH-821A~遥脉~正向有功电度,10kV I母备用回路I~WDH-821A~遥脉~正向有功电度,10kV I母备用回路I~WDH-821A~遥脉~正向有功电度,1,1
3,10kV I母备用回路I~WDH-821A~遥脉~反向有功电度,10kV I母备用回路I~WDH-821A~遥脉~反向有功电度,10kV I母备用回路I~WDH-821A~遥脉~反向有功电度,1,1
4,10kV I母备用回路I~WDH-821A~遥脉~反向无功电度,10kV I母备用回路I~WDH-821A~遥脉~反向无功电度,10kV I母备用回路I~WDH-821A~遥脉~反向无功电度,1,1
5,10kV I母备用回路I~WDH-821A~遥信~接地刀合位,10kV I母备用回路I~WDH-821A~遥信~接地刀合位,10kV I母备用回路I~WDH-821A~遥信~接地刀合位,1,1
6,10kV I母备用回路I~WDH-821A~遥信~合位,10kV I母备用回路I~WDH-821A~遥信~合位,10kV I母备用回路I~WDH-821A~遥信~合位,1,1
7,10kV I母备用回路I~WDH-821A~遥信~分位,10kV I母备用回路I~WDH-821A~遥信~分位,10kV I母备用回路I~WDH-821A~遥信~分位,1,1
8,10kV I母备用回路I~WDH-821A~遥信~手车工作位置,10kV I母备用回路I~WDH-821A~遥信~手车工作位置,10kV I母备用回路I~WDH-821A~遥信~手车工作位置,1,1
9,10kV I母备用回路I~WDH-821A~遥信~手车试验位置,10kV I母备用回路I~WDH-821A~遥信~手车试验位置,10kV I母备用回路I~WDH-821A~遥信~手车试验位置,1,1
10,10kV I母备用回路I~WDH-821A~遥测~COS,10kV I母备用回路I~WDH-821A~遥测~COS,10kV I母备用回路I~WDH-821A~遥测~COS,1,1
11,10kV I母备用回路I~WDH-821A~遥测~Q,10kV I母备用回路I~WDH-821A~遥测~Q,10kV I母备用回路I~WDH-821A~遥测~Q,1,1
12,10kV I母备用回路I~WDH-821A~遥测~P,10kV I母备用回路I~WDH-821A~遥测~P,10kV I母备用回路I~WDH-821A~遥测~P,1,1
13,10kV I母备用回路I~WDH-821A~遥测~IC,10kV I母备用回路I~WDH-821A~遥测~IC,10kV I母备用回路I~WDH-821A~遥测~IC,1,1
14,10kV I母备用回路I~WDH-821A~遥测~IA,10kV I母备用回路I~WDH-821A~遥测~IA,10kV I母备用回路I~WDH-821A~遥测~IA,1,1
15,1#公用测控~FCK-801A~遥信~7014分位,1#公用测控~FCK-801A~遥信~7014分位,1#公用测控~FCK-801A~遥信~7014分位,1,1
16,1#公用测控~FCK-801A~遥信~7014合位,1#公用测控~FCK-801A~遥信~7014合位,1#公用测控~FCK-801A~遥信~7014合位,1,1
17,1#公用测控~FCK-801A~遥信~7015分位,1#公用测控~FCK-801A~遥信~7015分位,1#公用测控~FCK-801A~遥信~7015分位,1,1
18,1#公用测控~FCK-801A~遥信~7015合位,1#公用测控~FCK-801A~遥信~7015合位,1#公用测控~FCK-801A~遥信~7015合位,1,1
19,1#公用测控~FCK-801A~遥信~1101试验位置,1#公用测控~FCK-801A~遥信~1101试验位置,1#公用测控~FCK-801A~遥信~1101试验位置,1,1
20,1#公用测控~FCK-801A~遥信~1101工作位置,1#公用测控~FCK-801A~遥信~1101工作位置,1#公用测控~FCK-801A~遥信~1101工作位置,1,1
21,1#公用测控~FCK-801A~遥信~7010分位,1#公用测控~FCK-801A~遥信~7010分位,1#公用测控~FCK-801A~遥信~7010分位,1,1
22,1#公用测控~FCK-801A~遥信~7010合位,1#公用测控~FCK-801A~遥信~7010合位,1#公用测控~FCK-801A~遥信~7010合位,1,1
23,1#公用测控~FCK-801A~遥信~70154合位,1#公用测控~FCK-801A~遥信~70154合位,1#公用测控~FCK-801A~遥信~70154合位,1,1
24,1#公用测控~FCK-801A~遥信~70154分位,1#公用测控~FCK-801A~遥信~70154分位,1#公用测控~FCK-801A~遥信~70154分位,1,1
25,1#公用测控~FCK-801A~遥测~400V 0段UCA,1#公用测控~FCK-801A~遥测~400V 0段UCA,1#公用测控~FCK-801A~遥测~400V 0段UCA,1,1
26,1#公用测控~FCK-801A~遥测~400V 0段UA,1#公用测控~FCK-801A~遥测~400V 0段UA,1#公用测控~FCK-801A~遥测~400V 0段UA,1,1
27,1#公用测控~FCK-801A~遥测~400V 0段UC,1#公用测控~FCK-801A~遥测~400V 0段UC,1#公用测控~FCK-801A~遥测~400V 0段UC,1,1
28,1#公用测控~FCK-801A~遥测~400V 0段UAB,1#公用测控~FCK-801A~遥测~400V 0段UAB,1#公用测控~FCK-801A~遥测~400V 0段UAB,1,1
29,1#公用测控~FCK-801A~遥测~400V 0段UBC,1#公用测控~FCK-801A~遥测~400V 0段UBC,1#公用测控~FCK-801A~遥测~400V 0段UBC,1,1
30,1#公用测控~FCK-801A~遥测~400V 0段UB,1#公用测控~FCK-801A~遥测~400V 0段UB,1#公用测控~FCK-801A~遥测~400V 0段UB,1,1
31,110kV牧电1# 7EA线测控~FCK-801A~遥测~IC,110kV牧电1# 7EA线测控~FCK-801A~遥测~IC,110kV牧电1# 7EA线测控~FCK-801A~遥测~IC,1,1
32,110kV牧电1# 7EA线测控~FCK-801A~遥测~IA,110kV牧电1# 7EA线测控~FCK-801A~遥测~IA,110kV牧电1# 7EA线测控~FCK-801A~遥测~IA,1,1
33,110kV牧电1# 7EA线测控~FCK-801A~遥测~IB,110kV牧电1# 7EA线测控~FCK-801A~遥测~IB,110kV牧电1# 7EA线测控~FCK-801A~遥测~IB,1,1
34,110kV牧电1# 7EA线测控~FCK-801A~遥测~P,110kV牧电1# 7EA线测控~FCK-801A~遥测~P,110kV牧电1# 7EA线测控~FCK-801A~遥测~P,1,1
35,110kV牧电1# 7EA线测控~FCK-801A~遥测~COS,110kV牧电1# 7EA线测控~FCK-801A~遥测~COS,110kV牧电1# 7EA线测控~FCK-801A~遥测~COS,1,1
36,110kV牧电1# 7EA线测控~FCK-801A~遥测~Q,110kV牧电1# 7EA线测控~FCK-801A~遥测~Q,110kV牧电1# 7EA线测控~FCK-801A~遥测~Q,1,1
37,110kV牧电1# 7EA线测控~FCK-801A~遥信~7EA3分位,110kV牧电1# 7EA线测控~FCK-801A~遥信~7EA3分位,110kV牧电1# 7EA线测控~FCK-801A~遥信~7EA3分位,1,1
38,110kV牧电1# 7EA线测控~FCK-801A~遥信~7EA3合位,110kV牧电1# 7EA线测控~FCK-801A~遥信~7EA3合位,110kV牧电1# 7EA线测控~FCK-801A~遥信~7EA3合位,1,1
39,110kV牧电1# 7EA线测控~FCK-801A~遥信~7EA4分位,110kV牧电1# 7EA线测控~FCK-801A~遥信~7EA4分位,110kV牧电1# 7EA线测控~FCK-801A~遥信~7EA4分位,1,1
40,110kV牧电1# 7EA线测控~FCK-801A~遥信~7EA14合位,110kV牧电1# 7EA线测控~FCK-801A~遥信~7EA14合位,110kV牧电1# 7EA线测控~FCK-801A~遥信~7EA14合位,1,1
41,110kV牧电1# 7EA线测控~FCK-801A~遥信~7EA1分位,110kV牧电1# 7EA线测控~FCK-801A~遥信~7EA1分位,110kV牧电1# 7EA线测控~FCK-801A~遥信~7EA1分位,1,1
42,110kV牧电1# 7EA线测控~FCK-801A~遥信~7EA1合位,110kV牧电1# 7EA线测控~FCK-801A~遥信~7EA1合位,110kV牧电1# 7EA线测控~FCK-801A~遥信~7EA1合位,1,1
43,110kV牧电1# 7EA线测控~FCK-801A~遥信~7EA4合位,110kV牧电1# 7EA线测控~FCK-801A~遥信~7EA4合位,110kV牧电1# 7EA线测控~FCK-801A~遥信~7EA4合位,1,1
44,110kV牧电1# 7EA线测控~FCK-801A~遥信~7EA分位,110kV牧电1# 7EA线测控~FCK-801A~遥信~7EA分位,110kV牧电1# 7EA线测控~FCK-801A~遥信~7EA分位,1,1
45,110kV牧电1# 7EA线测控~FCK-801A~遥信~7EA合位,110kV牧电1# 7EA线测控~FCK-801A~遥信~7EA合位,110kV牧电1# 7EA线测控~FCK-801A~遥信~7EA合位,1,1
46,110kV牧电1# 7EA线测控~FCK-801A~遥信~7EA14分位,110kV牧电1# 7EA线测控~FCK-801A~遥信~7EA14分位,110kV牧电1# 7EA线测控~FCK-801A~遥信~7EA14分位,1,1
47,110kV牧电1# 7EA线测控~FCK-801A~遥信~7EA34合位,110kV牧电1# 7EA线测控~FCK-801A~遥信~7EA34合位,110kV牧电1# 7EA线测控~FCK-801A~遥信~7EA34合位,1,1
48,110kV牧电1# 7EA线测控~FCK-801A~遥信~7EA34分位,110kV牧电1# 7EA线测控~FCK-801A~遥信~7EA34分位,110kV牧电1# 7EA线测控~FCK-801A~遥信~7EA34分位,1,1
49,110kV牧电1# 7EA线测控~FCK-801A~遥信~7EA5合位,110kV牧电1# 7EA线测控~FCK-801A~遥信~7EA5合位,110kV牧电1# 7EA线测控~FCK-801A~遥信~7EA5合位,1,1
50,110kV牧电1# 7EA线测控~FCK-801A~遥信~7EA5分位,110kV牧电1# 7EA线测控~FCK-801A~遥信~7EA5分位,110kV牧电1# 7EA线测控~FCK-801A~遥信~7EA5分位,1,1
51,110kV牧电1# 7EA线测控~FCK-801A~遥信~7EA54合位,110kV牧电1# 7EA线测控~FCK-801A~遥信~7EA54合位,110kV牧电1# 7EA线测控~FCK-801A~遥信~7EA54合位,1,1
52,110kV牧电1# 7EA线测控~FCK-801A~遥信~7EA54分位,110kV牧电1# 7EA线测控~FCK-801A~遥信~7EA54分位,110kV牧电1# 7EA线测控~FCK-801A~遥信~7EA54分位,1,1
53,母联测控~FCK-801A~遥信~7101合位,母联测控~FCK-801A~遥信~7101合位,母联测控~FCK-801A~遥信~7101合位,1,1
54,母联测控~FCK-801A~遥信~7102分位,母联测控~FCK-801A~遥信~7102分位,母联测控~FCK-801A~遥信~7102分位,1,1
55,母联测控~FCK-801A~遥信~710合位,母联测控~FCK-801A~遥信~710合位,母联测控~FCK-801A~遥信~710合位,1,1
56,母联测控~FCK-801A~遥信~7101分位,母联测控~FCK-801A~遥信~7101分位,母联测控~FCK-801A~遥信~7101分位,1,1
57,母联测控~FCK-801A~遥信~710分位,母联测控~FCK-801A~遥信~710分位,母联测控~FCK-801A~遥信~710分位,1,1
58,母联测控~FCK-801A~遥信~71014分位,母联测控~FCK-801A~遥信~71014分位,母联测控~FCK-801A~遥信~71014分位,1,1
59,母联测控~FCK-801A~遥信~71014合位,母联测控~FCK-801A~遥信~71014合位,母联测控~FCK-801A~遥信~71014合位,1,1
60,母联测控~FCK-801A~遥信~7102合位,母联测控~FCK-801A~遥信~7102合位,母联测控~FCK-801A~遥信~7102合位,1,1
61,母联测控~FCK-801A~遥信~71024合位,母联测控~FCK-801A~遥信~71024合位,母联测控~FCK-801A~遥信~71024合位,1,1
62,母联测控~FCK-801A~遥信~71024分位,母联测控~FCK-801A~遥信~71024分位,母联测控~FCK-801A~遥信~71024分位,1,1
63,母联测控~FCK-801A~遥测~Q,母联测控~FCK-801A~遥测~Q,母联测控~FCK-801A~遥测~Q,1,1
64,母联测控~FCK-801A~遥测~COS,母联测控~FCK-801A~遥测~COS,母联测控~FCK-801A~遥测~COS,1,1
65,母联测控~FCK-801A~遥测~P,母联测控~FCK-801A~遥测~P,母联测控~FCK-801A~遥测~P,1,1
66,母联测控~FCK-801A~遥测~IB,母联测控~FCK-801A~遥测~IB,母联测控~FCK-801A~遥测~IB,1,1
67,母联测控~FCK-801A~遥测~IA,母联测控~FCK-801A~遥测~IA,母联测控~FCK-801A~遥测~IA,1,1
68,母联测控~FCK-801A~遥测~IC,母联测控~FCK-801A~遥测~IC,母联测控~FCK-801A~遥测~IC,1,1
69,1#主变测控~FCK-801A~遥信~101手车试验位置,1#主变测控~FCK-801A~遥信~101手车试验位置,1#主变测控~FCK-801A~遥信~101手车试验位置,1,1
70,1#主变测控~FCK-801A~遥信~7013分位,1#主变测控~FCK-801A~遥信~7013分位,1#主变测控~FCK-801A~遥信~7013分位,1,1
71,1#主变测控~FCK-801A~遥信~101分位,1#主变测控~FCK-801A~遥信~101分位,1#主变测控~FCK-801A~遥信~101分位,1,1
72,1#主变测控~FCK-801A~遥信~101手车工作位置,1#主变测控~FCK-801A~遥信~101手车工作位置,1#主变测控~FCK-801A~遥信~101手车工作位置,1,1
73,1#主变测控~FCK-801A~遥信~101合位,1#主变测控~FCK-801A~遥信~101合位,1#主变测控~FCK-801A~遥信~101合位,1,1
74,1#主变测控~FCK-801A~遥信~701分位,1#主变测控~FCK-801A~遥信~701分位,1#主变测控~FCK-801A~遥信~701分位,1,1
75,1#主变测控~FCK-801A~遥信~701合位,1#主变测控~FCK-801A~遥信~701合位,1#主变测控~FCK-801A~遥信~701合位,1,1
76,1#主变测控~FCK-801A~遥信~7013合位,1#主变测控~FCK-801A~遥信~7013合位,1#主变测控~FCK-801A~遥信~7013合位,1,1
77,1#主变测控~FCK-801A~遥信~70134合位,1#主变测控~FCK-801A~遥信~70134合位,1#主变测控~FCK-801A~遥信~70134合位,1,1
78,1#主变测控~FCK-801A~遥信~70134分位,1#主变测控~FCK-801A~遥信~70134分位,1#主变测控~FCK-801A~遥信~70134分位,1,1
79,1#主变测控~FCK-801A~遥信~70144合位,1#主变测控~FCK-801A~遥信~70144合位,1#主变测控~FCK-801A~遥信~70144合位,1,1
80,1#主变测控~FCK-801A~遥信~70144分位,1#主变测控~FCK-801A~遥信~70144分位,1#主变测控~FCK-801A~遥信~70144分位,1,1
81,1#主变测控~FCK-801A~遥信~7011合位,1#主变测控~FCK-801A~遥信~7011合位,1#主变测控~FCK-801A~遥信~7011合位,1,1
82,1#主变测控~FCK-801A~遥信~7011分位,1#主变测控~FCK-801A~遥信~7011分位,1#主变测控~FCK-801A~遥信~7011分位,1,1
83,1#主变测控~FCK-801A~遥信~70114分位,1#主变测控~FCK-801A~遥信~70114分位,1#主变测控~FCK-801A~遥信~70114分位,1,1
84,1#主变测控~FCK-801A~遥信~70114合位,1#主变测控~FCK-801A~遥信~70114合位,1#主变测控~FCK-801A~遥信~70114合位,1,1
85,1#主变测控~FCK-801A~遥测~高压侧Q,1#主变测控~FCK-801A~遥测~高压侧Q,1#主变测控~FCK-801A~遥测~高压侧Q,1,1
86,1#主变测控~FCK-801A~遥测~低压侧P,1#主变测控~FCK-801A~遥测~低压侧P,1#主变测控~FCK-801A~遥测~低压侧P,1,1
87,1#主变测控~FCK-801A~遥测~低压侧IC,1#主变测控~FCK-801A~遥测~低压侧IC,1#主变测控~FCK-801A~遥测~低压侧IC,1,1
88,1#主变测控~FCK-801A~遥测~低压侧IB,1#主变测控~FCK-801A~遥测~低压侧IB,1#主变测控~FCK-801A~遥测~低压侧IB,1,1
89,1#主变测控~FCK-801A~遥测~低压侧IA,1#主变测控~FCK-801A~遥测~低压侧IA,1#主变测控~FCK-801A~遥测~低压侧IA,1,1
90,1#主变测控~FCK-801A~遥测~绕组温度,1#主变测控~FCK-801A~遥测~绕组温度,1#主变测控~FCK-801A~遥测~绕组温度,1,1
91,1#主变测控~FCK-801A~遥测~高压侧COS,1#主变测控~FCK-801A~遥测~高压侧COS,1#主变测控~FCK-801A~遥测~高压侧COS,1,1
92,1#主变测控~FCK-801A~遥测~高压侧P,1#主变测控~FCK-801A~遥测~高压侧P,1#主变测控~FCK-801A~遥测~高压侧P,1,1
93,1#主变测控~FCK-801A~遥测~高压侧IB,1#主变测控~FCK-801A~遥测~高压侧IB,1#主变测控~FCK-801A~遥测~高压侧IB,1,1
94,1#主变测控~FCK-801A~遥测~高压侧IA,1#主变测控~FCK-801A~遥测~高压侧IA,1#主变测控~FCK-801A~遥测~高压侧IA,1,1
95,1#主变测控~FCK-801A~遥测~高压侧IC,1#主变测控~FCK-801A~遥测~高压侧IC,1#主变测控~FCK-801A~遥测~高压侧IC,1,1
96,1#主变测控~FCK-801A~遥测~低压侧Q,1#主变测控~FCK-801A~遥测~低压侧Q,1#主变测控~FCK-801A~遥测~低压侧Q,1,1
97,1#主变测控~FCK-801A~遥测~油面温度1,1#主变测控~FCK-801A~遥测~油面温度1,1#主变测控~FCK-801A~遥测~油面温度1,1,1
98,1#主变测控~FCK-801A~遥测~低压侧COS,1#主变测控~FCK-801A~遥测~低压侧COS,1#主变测控~FCK-801A~遥测~低压侧COS,1,1
99,1#主变测控~FCK-801A~遥测~油面温度2,1#主变测控~FCK-801A~遥测~油面温度2,1#主变测控~FCK-801A~遥测~油面温度2,1,1
100,1#主变测控~FCK-801A~遥测~档位,1#主变测控~FCK-801A~遥测~档位,1#主变测控~FCK-801A~遥测~档位,1,1
101,2#主变测控~FCK-801A~遥测~档位,2#主变测控~FCK-801A~遥测~档位,2#主变测控~FCK-801A~遥测~档位,1,1
102,2#主变测控~FCK-801A~遥测~绕组温度,2#主变测控~FCK-801A~遥测~绕组温度,2#主变测控~FCK-801A~遥测~绕组温度,1,1
103,2#主变测控~FCK-801A~遥测~油面温度2,2#主变测控~FCK-801A~遥测~油面温度2,2#主变测控~FCK-801A~遥测~油面温度2,1,1
104,2#主变测控~FCK-801A~遥测~油面温度1,2#主变测控~FCK-801A~遥测~油面温度1,2#主变测控~FCK-801A~遥测~油面温度1,1,1
105,2#主变测控~FCK-801A~遥测~低压侧Q,2#主变测控~FCK-801A~遥测~低压侧Q,2#主变测控~FCK-801A~遥测~低压侧Q,1,1
106,2#主变测控~FCK-801A~遥测~高压侧IC,2#主变测控~FCK-801A~遥测~高压侧IC,2#主变测控~FCK-801A~遥测~高压侧IC,1,1
107,2#主变测控~FCK-801A~遥测~高压侧IA,2#主变测控~FCK-801A~遥测~高压侧IA,2#主变测控~FCK-801A~遥测~高压侧IA,1,1
108,2#主变测控~FCK-801A~遥测~高压侧IB,2#主变测控~FCK-801A~遥测~高压侧IB,2#主变测控~FCK-801A~遥测~高压侧IB,1,1
109,2#主变测控~FCK-801A~遥测~高压侧P,2#主变测控~FCK-801A~遥测~高压侧P,2#主变测控~FCK-801A~遥测~高压侧P,1,1
110,2#主变测控~FCK-801A~遥测~高压侧COS,2#主变测控~FCK-801A~遥测~高压侧COS,2#主变测控~FCK-801A~遥测~高压侧COS,1,1
111,2#主变测控~FCK-801A~遥测~低压侧COS,2#主变测控~FCK-801A~遥测~低压侧COS,2#主变测控~FCK-801A~遥测~低压侧COS,1,1
112,2#主变测控~FCK-801A~遥测~低压侧IA,2#主变测控~FCK-801A~遥测~低压侧IA,2#主变测控~FCK-801A~遥测~低压侧IA,1,1
113,2#主变测控~FCK-801A~遥测~低压侧IB,2#主变测控~FCK-801A~遥测~低压侧IB,2#主变测控~FCK-801A~遥测~低压侧IB,1,1
114,2#主变测控~FCK-801A~遥测~低压侧IC,2#主变测控~FCK-801A~遥测~低压侧IC,2#主变测控~FCK-801A~遥测~低压侧IC,1,1
115,2#主变测控~FCK-801A~遥测~低压侧P,2#主变测控~FCK-801A~遥测~低压侧P,2#主变测控~FCK-801A~遥测~低压侧P,1,1
116,2#主变测控~FCK-801A~遥测~高压侧Q,2#主变测控~FCK-801A~遥测~高压侧Q,2#主变测控~FCK-801A~遥测~高压侧Q,1,1
117,2#主变测控~FCK-801A~遥信~70114合位,2#主变测控~FCK-801A~遥信~70114合位,2#主变测控~FCK-801A~遥信~70114合位,1,1
118,2#主变测控~FCK-801A~遥信~70114分位,2#主变测控~FCK-801A~遥信~70114分位,2#主变测控~FCK-801A~遥信~70114分位,1,1
119,2#主变测控~FCK-801A~遥信~7011分位,2#主变测控~FCK-801A~遥信~7011分位,2#主变测控~FCK-801A~遥信~7011分位,1,1
120,2#主变测控~FCK-801A~遥信~7011合位,2#主变测控~FCK-801A~遥信~7011合位,2#主变测控~FCK-801A~遥信~7011合位,1,1
121,2#主变测控~FCK-801A~遥信~70144分位,2#主变测控~FCK-801A~遥信~70144分位,2#主变测控~FCK-801A~遥信~70144分位,1,1
122,2#主变测控~FCK-801A~遥信~70144合位,2#主变测控~FCK-801A~遥信~70144合位,2#主变测控~FCK-801A~遥信~70144合位,1,1
123,2#主变测控~FCK-801A~遥信~70134分位,2#主变测控~FCK-801A~遥信~70134分位,2#主变测控~FCK-801A~遥信~70134分位,1,1
124,2#主变测控~FCK-801A~遥信~70134合位,2#主变测控~FCK-801A~遥信~70134合位,2#主变测控~FCK-801A~遥信~70134合位,1,1
125,2#主变测控~FCK-801A~遥信~7013合位,2#主变测控~FCK-801A~遥信~7013合位,2#主变测控~FCK-801A~遥信~7013合位,1,1
126,2#主变测控~FCK-801A~遥信~701合位,2#主变测控~FCK-801A~遥信~701合位,2#主变测控~FCK-801A~遥信~701合位,1,1
127,2#主变测控~FCK-801A~遥信~701分位,2#主变测控~FCK-801A~遥信~701分位,2#主变测控~FCK-801A~遥信~701分位,1,1
128,2#主变测控~FCK-801A~遥信~101合位,2#主变测控~FCK-801A~遥信~101合位,2#主变测控~FCK-801A~遥信~101合位,1,1
129,2#主变测控~FCK-801A~遥信~101手车工作位置,2#主变测控~FCK-801A~遥信~101手车工作位置,2#主变测控~FCK-801A~遥信~101手车工作位置,1,1
130,2#主变测控~FCK-801A~遥信~101分位,2#主变测控~FCK-801A~遥信~101分位,2#主变测控~FCK-801A~遥信~101分位,1,1
131,2#主变测控~FCK-801A~遥信~7013分位,2#主变测控~FCK-801A~遥信~7013分位,2#主变测控~FCK-801A~遥信~7013分位,1,1
132,2#主变测控~FCK-801A~遥信~101手车试验位置,2#主变测控~FCK-801A~遥信~101手车试验位置,2#主变测控~FCK-801A~遥信~101手车试验位置,1,1
133,110kV牧电2# 7E9线测控~FCK-801A~遥信~7E954分位,110kV牧电2# 7E9线测控~FCK-801A~遥信~7E954分位,110kV牧电2# 7E9线测控~FCK-801A~遥信~7E954分位,1,1
134,110kV牧电2# 7E9线测控~FCK-801A~遥信~7E954合位,110kV牧电2# 7E9线测控~FCK-801A~遥信~7E954合位,110kV牧电2# 7E9线测控~FCK-801A~遥信~7E954合位,1,1
135,110kV牧电2# 7E9线测控~FCK-801A~遥信~7E95分位,110kV牧电2# 7E9线测控~FCK-801A~遥信~7E95分位,110kV牧电2# 7E9线测控~FCK-801A~遥信~7E95分位,1,1
136,110kV牧电2# 7E9线测控~FCK-801A~遥信~7E95合位,110kV牧电2# 7E9线测控~FCK-801A~遥信~7E95合位,110kV牧电2# 7E9线测控~FCK-801A~遥信~7E95合位,1,1
137,110kV牧电2# 7E9线测控~FCK-801A~遥信~7E934分位,110kV牧电2# 7E9线测控~FCK-801A~遥信~7E934分位,110kV牧电2# 7E9线测控~FCK-801A~遥信~7E934分位,1,1
138,110kV牧电2# 7E9线测控~FCK-801A~遥信~7E934合位,110kV牧电2# 7E9线测控~FCK-801A~遥信~7E934合位,110kV牧电2# 7E9线测控~FCK-801A~遥信~7E934合位,1,1
139,110kV牧电2# 7E9线测控~FCK-801A~遥信~7E914分位,110kV牧电2# 7E9线测控~FCK-801A~遥信~7E914分位,110kV牧电2# 7E9线测控~FCK-801A~遥信~7E914分位,1,1
140,110kV牧电2# 7E9线测控~FCK-801A~遥信~7E9合位,110kV牧电2# 7E9线测控~FCK-801A~遥信~7E9合位,110kV牧电2# 7E9线测控~FCK-801A~遥信~7E9合位,1,1
141,110kV牧电2# 7E9线测控~FCK-801A~遥信~7E9分位,110kV牧电2# 7E9线测控~FCK-801A~遥信~7E9分位,110kV牧电2# 7E9线测控~FCK-801A~遥信~7E9分位,1,1
142,110kV牧电2# 7E9线测控~FCK-801A~遥信~7E94合位,110kV牧电2# 7E9线测控~FCK-801A~遥信~7E94合位,110kV牧电2# 7E9线测控~FCK-801A~遥信~7E94合位,1,1
143,110kV牧电2# 7E9线测控~FCK-801A~遥信~7E91合位,110kV牧电2# 7E9线测控~FCK-801A~遥信~7E91合位,110kV牧电2# 7E9线测控~FCK-801A~遥信~7E91合位,1,1
144,110kV牧电2# 7E9线测控~FCK-801A~遥信~7E91分位,110kV牧电2# 7E9线测控~FCK-801A~遥信~7E91分位,110kV牧电2# 7E9线测控~FCK-801A~遥信~7E91分位,1,1
145,110kV牧电2# 7E9线测控~FCK-801A~遥信~7E914合位,110kV牧电2# 7E9线测控~FCK-801A~遥信~7E914合位,110kV牧电2# 7E9线测控~FCK-801A~遥信~7E914合位,1,1
146,110kV牧电2# 7E9线测控~FCK-801A~遥信~7E94分位,110kV牧电2# 7E9线测控~FCK-801A~遥信~7E94分位,110kV牧电2# 7E9线测控~FCK-801A~遥信~7E94分位,1,1
147,110kV牧电2# 7E9线测控~FCK-801A~遥信~7E93合位,110kV牧电2# 7E9线测控~FCK-801A~遥信~7E93合位,110kV牧电2# 7E9线测控~FCK-801A~遥信~7E93合位,1,1
148,110kV牧电2# 7E9线测控~FCK-801A~遥信~7E93分位,110kV牧电2# 7E9线测控~FCK-801A~遥信~7E93分位,110kV牧电2# 7E9线测控~FCK-801A~遥信~7E93分位,1,1
149,110kV牧电2# 7E9线测控~FCK-801A~遥测~Q,110kV牧电2# 7E9线测控~FCK-801A~遥测~Q,110kV牧电2# 7E9线测控~FCK-801A~遥测~Q,1,1
150,110kV牧电2# 7E9线测控~FCK-801A~遥测~COS,110kV牧电2# 7E9线测控~FCK-801A~遥测~COS,110kV牧电2# 7E9线测控~FCK-801A~遥测~COS,1,1
151,110kV牧电2# 7E9线测控~FCK-801A~遥测~P,110kV牧电2# 7E9线测控~FCK-801A~遥测~P,110kV牧电2# 7E9线测控~FCK-801A~遥测~P,1,1
152,110kV牧电2# 7E9线测控~FCK-801A~遥测~IB,110kV牧电2# 7E9线测控~FCK-801A~遥测~IB,110kV牧电2# 7E9线测控~FCK-801A~遥测~IB,1,1
153,110kV牧电2# 7E9线测控~FCK-801A~遥测~IA,110kV牧电2# 7E9线测控~FCK-801A~遥测~IA,110kV牧电2# 7E9线测控~FCK-801A~遥测~IA,1,1
154,110kV牧电2# 7E9线测控~FCK-801A~遥测~IC,110kV牧电2# 7E9线测控~FCK-801A~遥测~IC,110kV牧电2# 7E9线测控~FCK-801A~遥测~IC,1,1
155,2#公用测控~FCK-801A~遥信~70254分位,2#公用测控~FCK-801A~遥信~70254分位,2#公用测控~FCK-801A~遥信~70254分位,1,1
156,2#公用测控~FCK-801A~遥信~70254合位,2#公用测控~FCK-801A~遥信~70254合位,2#公用测控~FCK-801A~遥信~70254合位,1,1
157,2#公用测控~FCK-801A~遥信~7020合位,2#公用测控~FCK-801A~遥信~7020合位,2#公用测控~FCK-801A~遥信~7020合位,1,1
158,2#公用测控~FCK-801A~遥信~7020分位,2#公用测控~FCK-801A~遥信~7020分位,2#公用测控~FCK-801A~遥信~7020分位,1,1
159,2#公用测控~FCK-801A~遥信~1201工作位置,2#公用测控~FCK-801A~遥信~1201工作位置,2#公用测控~FCK-801A~遥信~1201工作位置,1,1
160,2#公用测控~FCK-801A~遥信~1201试验位置,2#公用测控~FCK-801A~遥信~1201试验位置,2#公用测控~FCK-801A~遥信~1201试验位置,1,1
161,2#公用测控~FCK-801A~遥信~7025合位,2#公用测控~FCK-801A~遥信~7025合位,2#公用测控~FCK-801A~遥信~7025合位,1,1
162,2#公用测控~FCK-801A~遥信~7025分位,2#公用测控~FCK-801A~遥信~7025分位,2#公用测控~FCK-801A~遥信~7025分位,1,1
163,2#公用测控~FCK-801A~遥信~7024合位,2#公用测控~FCK-801A~遥信~7024合位,2#公用测控~FCK-801A~遥信~7024合位,1,1
164,2#公用测控~FCK-801A~遥信~7024分位,2#公用测控~FCK-801A~遥信~7024分位,2#公用测控~FCK-801A~遥信~7024分位,1,1
165,1#发电机测控~FCK-821A~遥信~1115分位,1#发电机测控~FCK-821A~遥信~1115分位,1#发电机测控~FCK-821A~遥信~1115分位,1,1
166,1#发电机测控~FCK-821A~遥信~手车试验位置,1#发电机测控~FCK-821A~遥信~手车试验位置,1#发电机测控~FCK-821A~遥信~手车试验位置,1,1
167,1#发电机测控~FCK-821A~遥信~手车工作位置,1#发电机测控~FCK-821A~遥信~手车工作位置,1#发电机测控~FCK-821A~遥信~手车工作位置,1,1
168,1#发电机测控~FCK-821A~遥信~1115合位,1#发电机测控~FCK-821A~遥信~1115合位,1#发电机测控~FCK-821A~遥信~1115合位,1,1
169,1#发电机测控~FCK-821A~遥信~111合位,1#发电机测控~FCK-821A~遥信~111合位,1#发电机测控~FCK-821A~遥信~111合位,1,1
170,1#发电机测控~FCK-821A~遥信~111分位,1#发电机测控~FCK-821A~遥信~111分位,1#发电机测控~FCK-821A~遥信~111分位,1,1
171,1#发电机测控~FCK-821A~遥信~1116合位,1#发电机测控~FCK-821A~遥信~1116合位,1#发电机测控~FCK-821A~遥信~1116合位,1,1
172,1#发电机测控~FCK-821A~遥信~1116分位,1#发电机测控~FCK-821A~遥信~1116分位,1#发电机测控~FCK-821A~遥信~1116分位,1,1
173,1#发电机测控~FCK-821A~遥测~IA,1#发电机测控~FCK-821A~遥测~IA,1#发电机测控~FCK-821A~遥测~IA,1,1
174,1#发电机测控~FCK-821A~遥测~IB,1#发电机测控~FCK-821A~遥测~IB,1#发电机测控~FCK-821A~遥测~IB,1,1
175,1#发电机测控~FCK-821A~遥测~IC,1#发电机测控~FCK-821A~遥测~IC,1#发电机测控~FCK-821A~遥测~IC,1,1
176,1#发电机测控~FCK-821A~遥测~P,1#发电机测控~FCK-821A~遥测~P,1#发电机测控~FCK-821A~遥测~P,1,1
177,1#发电机测控~FCK-821A~遥测~Q,1#发电机测控~FCK-821A~遥测~Q,1#发电机测控~FCK-821A~遥测~Q,1,1
178,1#发电机测控~FCK-821A~遥测~F,1#发电机测控~FCK-821A~遥测~F,1#发电机测控~FCK-821A~遥测~F,1,1
179,1#发电机测控~FCK-821A~遥测~COS,1#发电机测控~FCK-821A~遥测~COS,1#发电机测控~FCK-821A~遥测~COS,1,1
180,1#发电机测控~FCK-821A~遥测~励磁电压,1#发电机测控~FCK-821A~遥测~励磁电压,1#发电机测控~FCK-821A~遥测~励磁电压,1,1
181,1#发电机测控~FCK-821A~遥测~励磁电流,1#发电机测控~FCK-821A~遥测~励磁电流,1#发电机测控~FCK-821A~遥测~励磁电流,1,1
182,2#发电机测控~FCK-821A~遥信~1216分位,2#发电机测控~FCK-821A~遥信~1216分位,2#发电机测控~FCK-821A~遥信~1216分位,1,1
183,2#发电机测控~FCK-821A~遥信~1216合位,2#发电机测控~FCK-821A~遥信~1216合位,2#发电机测控~FCK-821A~遥信~1216合位,1,1
184,2#发电机测控~FCK-821A~遥信~121分位,2#发电机测控~FCK-821A~遥信~121分位,2#发电机测控~FCK-821A~遥信~121分位,1,1
185,2#发电机测控~FCK-821A~遥信~121合位,2#发电机测控~FCK-821A~遥信~121合位,2#发电机测控~FCK-821A~遥信~121合位,1,1
186,2#发电机测控~FCK-821A~遥信~1215合位,2#发电机测控~FCK-821A~遥信~1215合位,2#发电机测控~FCK-821A~遥信~1215合位,1,1
187,2#发电机测控~FCK-821A~遥信~手车工作位置,2#发电机测控~FCK-821A~遥信~手车工作位置,2#发电机测控~FCK-821A~遥信~手车工作位置,1,1
188,2#发电机测控~FCK-821A~遥信~手车试验位置,2#发电机测控~FCK-821A~遥信~手车试验位置,2#发电机测控~FCK-821A~遥信~手车试验位置,1,1
189,2#发电机测控~FCK-821A~遥信~1215分位,2#发电机测控~FCK-821A~遥信~1215分位,2#发电机测控~FCK-821A~遥信~1215分位,1,1
190,2#发电机测控~FCK-821A~遥测~IA,2#发电机测控~FCK-821A~遥测~IA,2#发电机测控~FCK-821A~遥测~IA,1,1
191,2#发电机测控~FCK-821A~遥测~IB,2#发电机测控~FCK-821A~遥测~IB,2#发电机测控~FCK-821A~遥测~IB,1,1
192,2#发电机测控~FCK-821A~遥测~IC,2#发电机测控~FCK-821A~遥测~IC,2#发电机测控~FCK-821A~遥测~IC,1,1
193,2#发电机测控~FCK-821A~遥测~P,2#发电机测控~FCK-821A~遥测~P,2#发电机测控~FCK-821A~遥测~P,1,1
194,2#发电机测控~FCK-821A~遥测~Q,2#发电机测控~FCK-821A~遥测~Q,2#发电机测控~FCK-821A~遥测~Q,1,1
195,2#发电机测控~FCK-821A~遥测~COS,2#发电机测控~FCK-821A~遥测~COS,2#发电机测控~FCK-821A~遥测~COS,1,1
196,2#发电机测控~FCK-821A~遥测~F,2#发电机测控~FCK-821A~遥测~F,2#发电机测控~FCK-821A~遥测~F,1,1
197,2#发电机测控~FCK-821A~遥测~励磁电流,2#发电机测控~FCK-821A~遥测~励磁电流,2#发电机测控~FCK-821A~遥测~励磁电流,1,1
198,2#发电机测控~FCK-821A~遥测~励磁电压,2#发电机测控~FCK-821A~遥测~励磁电压,2#发电机测控~FCK-821A~遥测~励磁电压,1,1
199,110kV电压监测~WYJ-821A~遥测~110kV I段UA,110kV电压监测~WYJ-821A~遥测~110kV I段UA,110kV电压监测~WYJ-821A~遥测~110kV I段UA,1,1
200,110kV电压监测~WYJ-821A~遥测~110kV II段UBC,110kV电压监测~WYJ-821A~遥测~110kV II段UBC,110kV电压监测~WYJ-821A~遥测~110kV II段UBC,1,1
201,110kV电压监测~WYJ-821A~遥测~110kV I段UC,110kV电压监测~WYJ-821A~遥测~110kV I段UC,110kV电压监测~WYJ-821A~遥测~110kV I段UC,1,1
202,110kV电压监测~WYJ-821A~遥测~110kV II段F,110kV电压监测~WYJ-821A~遥测~110kV II段F,110kV电压监测~WYJ-821A~遥测~110kV II段F,1,1
203,110kV电压监测~WYJ-821A~遥测~110kV I段UB,110kV电压监测~WYJ-821A~遥测~110kV I段UB,110kV电压监测~WYJ-821A~遥测~110kV I段UB,1,1
204,110kV电压监测~WYJ-821A~遥测~110kV II段UAB,110kV电压监测~WYJ-821A~遥测~110kV II段UAB,110kV电压监测~WYJ-821A~遥测~110kV II段UAB,1,1
205,110kV电压监测~WYJ-821A~遥测~110kV II段UCA,110kV电压监测~WYJ-821A~遥测~110kV II段UCA,110kV电压监测~WYJ-821A~遥测~110kV II段UCA,1,1
206,110kV电压监测~WYJ-821A~遥测~110kV II段3U0,110kV电压监测~WYJ-821A~遥测~110kV II段3U0,110kV电压监测~WYJ-821A~遥测~110kV II段3U0,1,1
207,110kV电压监测~WYJ-821A~遥测~110kV II段UA,110kV电压监测~WYJ-821A~遥测~110kV II段UA,110kV电压监测~WYJ-821A~遥测~110kV II段UA,1,1
208,110kV电压监测~WYJ-821A~遥测~110kV II段UB,110kV电压监测~WYJ-821A~遥测~110kV II段UB,110kV电压监测~WYJ-821A~遥测~110kV II段UB,1,1
209,110kV电压监测~WYJ-821A~遥测~110kV II段UC,110kV电压监测~WYJ-821A~遥测~110kV II段UC,110kV电压监测~WYJ-821A~遥测~110kV II段UC,1,1
210,110kV电压监测~WYJ-821A~遥测~110kV I段UAB,110kV电压监测~WYJ-821A~遥测~110kV I段UAB,110kV电压监测~WYJ-821A~遥测~110kV I段UAB,1,1
211,110kV电压监测~WYJ-821A~遥测~110kV I段UBC,110kV电压监测~WYJ-821A~遥测~110kV I段UBC,110kV电压监测~WYJ-821A~遥测~110kV I段UBC,1,1
212,110kV电压监测~WYJ-821A~遥测~110kV I段UCA,110kV电压监测~WYJ-821A~遥测~110kV I段UCA,110kV电压监测~WYJ-821A~遥测~110kV I段UCA,1,1
213,110kV电压监测~WYJ-821A~遥测~110kV I段3U0,110kV电压监测~WYJ-821A~遥测~110kV I段3U0,110kV电压监测~WYJ-821A~遥测~110kV I段3U0,1,1
214,110kV电压监测~WYJ-821A~遥测~110kV I段F,110kV电压监测~WYJ-821A~遥测~110kV I段F,110kV电压监测~WYJ-821A~遥测~110kV I段F,1,1
215,10kV电压监测1~FCK-821A~遥测~10kV I段F,10kV电压监测1~FCK-821A~遥测~10kV I段F,10kV电压监测1~FCK-821A~遥测~10kV I段F,1,1
216,10kV电压监测1~FCK-821A~遥测~10kV I段3U0,10kV电压监测1~FCK-821A~遥测~10kV I段3U0,10kV电压监测1~FCK-821A~遥测~10kV I段3U0,1,1
217,10kV电压监测1~FCK-821A~遥测~10kV I段UCA,10kV电压监测1~FCK-821A~遥测~10kV I段UCA,10kV电压监测1~FCK-821A~遥测~10kV I段UCA,1,1
218,10kV电压监测1~FCK-821A~遥测~10kV I段UBC,10kV电压监测1~FCK-821A~遥测~10kV I段UBC,10kV电压监测1~FCK-821A~遥测~10kV I段UBC,1,1
219,10kV电压监测1~FCK-821A~遥测~10kV I段UAB,10kV电压监测1~FCK-821A~遥测~10kV I段UAB,10kV电压监测1~FCK-821A~遥测~10kV I段UAB,1,1
220,10kV电压监测1~FCK-821A~遥测~10kV 0段UC,10kV电压监测1~FCK-821A~遥测~10kV 0段UC,10kV电压监测1~FCK-821A~遥测~10kV 0段UC,1,1
221,10kV电压监测1~FCK-821A~遥测~10kV 0段UB,10kV电压监测1~FCK-821A~遥测~10kV 0段UB,10kV电压监测1~FCK-821A~遥测~10kV 0段UB,1,1
222,10kV电压监测1~FCK-821A~遥测~10kV 0段UA,10kV电压监测1~FCK-821A~遥测~10kV 0段UA,10kV电压监测1~FCK-821A~遥测~10kV 0段UA,1,1
223,10kV电压监测1~FCK-821A~遥测~10kV 0段3U0,10kV电压监测1~FCK-821A~遥测~10kV 0段3U0,10kV电压监测1~FCK-821A~遥测~10kV 0段3U0,1,1
224,10kV电压监测1~FCK-821A~遥测~10kV 0段UCA,10kV电压监测1~FCK-821A~遥测~10kV 0段UCA,10kV电压监测1~FCK-821A~遥测~10kV 0段UCA,1,1
225,10kV电压监测1~FCK-821A~遥测~10kV 0段UAB,10kV电压监测1~FCK-821A~遥测~10kV 0段UAB,10kV电压监测1~FCK-821A~遥测~10kV 0段UAB,1,1
226,10kV电压监测1~FCK-821A~遥测~10kV I段UB,10kV电压监测1~FCK-821A~遥测~10kV I段UB,10kV电压监测1~FCK-821A~遥测~10kV I段UB,1,1
227,10kV电压监测1~FCK-821A~遥测~10kV 0段F,10kV电压监测1~FCK-821A~遥测~10kV 0段F,10kV电压监测1~FCK-821A~遥测~10kV 0段F,1,1
228,10kV电压监测1~FCK-821A~遥测~10kV I段UC,10kV电压监测1~FCK-821A~遥测~10kV I段UC,10kV电压监测1~FCK-821A~遥测~10kV I段UC,1,1
229,10kV电压监测1~FCK-821A~遥测~10kV 0段UBC,10kV电压监测1~FCK-821A~遥测~10kV 0段UBC,10kV电压监测1~FCK-821A~遥测~10kV 0段UBC,1,1
230,10kV电压监测1~FCK-821A~遥测~10kV I段UA,10kV电压监测1~FCK-821A~遥测~10kV I段UA,10kV电压监测1~FCK-821A~遥测~10kV I段UA,1,1
231,10kV电压监测2~FCK-821A~遥测~10kV II段UA,10kV电压监测2~FCK-821A~遥测~10kV II段UA,10kV电压监测2~FCK-821A~遥测~10kV II段UA,1,1
232,10kV电压监测2~FCK-821A~遥测~10kV II段UC,10kV电压监测2~FCK-821A~遥测~10kV II段UC,10kV电压监测2~FCK-821A~遥测~10kV II段UC,1,1
233,10kV电压监测2~FCK-821A~遥测~10kV II段UB,10kV电压监测2~FCK-821A~遥测~10kV II段UB,10kV电压监测2~FCK-821A~遥测~10kV II段UB,1,1
234,10kV电压监测2~FCK-821A~遥测~10kV II段UAB,10kV电压监测2~FCK-821A~遥测~10kV II段UAB,10kV电压监测2~FCK-821A~遥测~10kV II段UAB,1,1
235,10kV电压监测2~FCK-821A~遥测~10kV II段UBC,10kV电压监测2~FCK-821A~遥测~10kV II段UBC,10kV电压监测2~FCK-821A~遥测~10kV II段UBC,1,1
236,10kV电压监测2~FCK-821A~遥测~10kV II段UCA,10kV电压监测2~FCK-821A~遥测~10kV II段UCA,10kV电压监测2~FCK-821A~遥测~10kV II段UCA,1,1
237,10kV电压监测2~FCK-821A~遥测~10kV II段3U0,10kV电压监测2~FCK-821A~遥测~10kV II段3U0,10kV电压监测2~FCK-821A~遥测~10kV II段3U0,1,1
238,10kV电压监测2~FCK-821A~遥测~10kV II段F,10kV电压监测2~FCK-821A~遥测~10kV II段F,10kV电压监测2~FCK-821A~遥测~10kV II段F,1,1
239,1#循环水泵151开关~WDH-821A~遥测~COS,1#循环水泵151开关~WDH-821A~遥测~COS,1#循环水泵151开关~WDH-821A~遥测~COS,1,1
240,1#循环水泵151开关~WDH-821A~遥测~Q,1#循环水泵151开关~WDH-821A~遥测~Q,1#循环水泵151开关~WDH-821A~遥测~Q,1,1
241,1#循环水泵151开关~WDH-821A~遥测~P,1#循环水泵151开关~WDH-821A~遥测~P,1#循环水泵151开关~WDH-821A~遥测~P,1,1
242,1#循环水泵151开关~WDH-821A~遥测~IC,1#循环水泵151开关~WDH-821A~遥测~IC,1#循环水泵151开关~WDH-821A~遥测~IC,1,1
243,1#循环水泵151开关~WDH-821A~遥测~IA,1#循环水泵151开关~WDH-821A~遥测~IA,1#循环水泵151开关~WDH-821A~遥测~IA,1,1
244,1#循环水泵151开关~WDH-821A~遥信~手车试验位置,1#循环水泵151开关~WDH-821A~遥信~手车试验位置,1#循环水泵151开关~WDH-821A~遥信~手车试验位置,1,1
245,1#循环水泵151开关~WDH-821A~遥信~手车工作位置,1#循环水泵151开关~WDH-821A~遥信~手车工作位置,1#循环水泵151开关~WDH-821A~遥信~手车工作位置,1,1
246,1#循环水泵151开关~WDH-821A~遥信~分位,1#循环水泵151开关~WDH-821A~遥信~分位,1#循环水泵151开关~WDH-821A~遥信~分位,1,1
247,1#循环水泵151开关~WDH-821A~遥信~合位,1#循环水泵151开关~WDH-821A~遥信~合位,1#循环水泵151开关~WDH-821A~遥信~合位,1,1
248,1#循环水泵151开关~WDH-821A~遥信~接地刀合位,1#循环水泵151开关~WDH-821A~遥信~接地刀合位,1#循环水泵151开关~WDH-821A~遥信~接地刀合位,1,1
249,1#循环水泵151开关~WDH-821A~遥脉~反向无功电度,1#循环水泵151开关~WDH-821A~遥脉~反向无功电度,1#循环水泵151开关~WDH-821A~遥脉~反向无功电度,1,1
250,1#循环水泵151开关~WDH-821A~遥脉~反向有功电度,1#循环水泵151开关~WDH-821A~遥脉~反向有功电度,1#循环水泵151开关~WDH-821A~遥脉~反向有功电度,1,1
251,1#循环水泵151开关~WDH-821A~遥脉~正向有功电度,1#循环水泵151开关~WDH-821A~遥脉~正向有功电度,1#循环水泵151开关~WDH-821A~遥脉~正向有功电度,1,1
252,1#循环水泵151开关~WDH-821A~遥脉~正向无功电度,1#循环水泵151开关~WDH-821A~遥脉~正向无功电度,1#循环水泵151开关~WDH-821A~遥脉~正向无功电度,1,1
253,3#循环水泵153开关~WDH-821A~遥脉~正向无功电度,3#循环水泵153开关~WDH-821A~遥脉~正向无功电度,3#循环水泵153开关~WDH-821A~遥脉~正向无功电度,1,1
254,3#循环水泵153开关~WDH-821A~遥脉~正向有功电度,3#循环水泵153开关~WDH-821A~遥脉~正向有功电度,3#循环水泵153开关~WDH-821A~遥脉~正向有功电度,1,1
255,3#循环水泵153开关~WDH-821A~遥脉~反向有功电度,3#循环水泵153开关~WDH-821A~遥脉~反向有功电度,3#循环水泵153开关~WDH-821A~遥脉~反向有功电度,1,1
256,3#循环水泵153开关~WDH-821A~遥脉~反向无功电度,3#循环水泵153开关~WDH-821A~遥脉~反向无功电度,3#循环水泵153开关~WDH-821A~遥脉~反向无功电度,1,1
257,3#循环水泵153开关~WDH-821A~遥信~接地刀合位,3#循环水泵153开关~WDH-821A~遥信~接地刀合位,3#循环水泵153开关~WDH-821A~遥信~接地刀合位,1,1
258,3#循环水泵153开关~WDH-821A~遥信~合位,3#循环水泵153开关~WDH-821A~遥信~合位,3#循环水泵153开关~WDH-821A~遥信~合位,1,1
259,3#循环水泵153开关~WDH-821A~遥信~分位,3#循环水泵153开关~WDH-821A~遥信~分位,3#循环水泵153开关~WDH-821A~遥信~分位,1,1
260,3#循环水泵153开关~WDH-821A~遥信~手车工作位置,3#循环水泵153开关~WDH-821A~遥信~手车工作位置,3#循环水泵153开关~WDH-821A~遥信~手车工作位置,1,1
261,3#循环水泵153开关~WDH-821A~遥信~手车试验位置,3#循环水泵153开关~WDH-821A~遥信~手车试验位置,3#循环水泵153开关~WDH-821A~遥信~手车试验位置,1,1
262,3#循环水泵153开关~WDH-821A~遥测~COS,3#循环水泵153开关~WDH-821A~遥测~COS,3#循环水泵153开关~WDH-821A~遥测~COS,1,1
263,3#循环水泵153开关~WDH-821A~遥测~Q,3#循环水泵153开关~WDH-821A~遥测~Q,3#循环水泵153开关~WDH-821A~遥测~Q,1,1
264,3#循环水泵153开关~WDH-821A~遥测~P,3#循环水泵153开关~WDH-821A~遥测~P,3#循环水泵153开关~WDH-821A~遥测~P,1,1
265,3#循环水泵153开关~WDH-821A~遥测~IC,3#循环水泵153开关~WDH-821A~遥测~IC,3#循环水泵153开关~WDH-821A~遥测~IC,1,1
266,3#循环水泵153开关~WDH-821A~遥测~IA,3#循环水泵153开关~WDH-821A~遥测~IA,3#循环水泵153开关~WDH-821A~遥测~IA,1,1
267,1#引风机121开关~WDH-821A~遥测~COS,1#引风机121开关~WDH-821A~遥测~COS,1#引风机121开关~WDH-821A~遥测~COS,1,1
268,1#引风机121开关~WDH-821A~遥测~Q,1#引风机121开关~WDH-821A~遥测~Q,1#引风机121开关~WDH-821A~遥测~Q,1,1
269,1#引风机121开关~WDH-821A~遥测~P,1#引风机121开关~WDH-821A~遥测~P,1#引风机121开关~WDH-821A~遥测~P,1,1
270,1#引风机121开关~WDH-821A~遥测~IC,1#引风机121开关~WDH-821A~遥测~IC,1#引风机121开关~WDH-821A~遥测~IC,1,1
271,1#引风机121开关~WDH-821A~遥测~IA,1#引风机121开关~WDH-821A~遥测~IA,1#引风机121开关~WDH-821A~遥测~IA,1,1
272,1#引风机121开关~WDH-821A~遥信~手车试验位置,1#引风机121开关~WDH-821A~遥信~手车试验位置,1#引风机121开关~WDH-821A~遥信~手车试验位置,1,1
273,1#引风机121开关~WDH-821A~遥信~手车工作位置,1#引风机121开关~WDH-821A~遥信~手车工作位置,1#引风机121开关~WDH-821A~遥信~手车工作位置,1,1
274,1#引风机121开关~WDH-821A~遥信~分位,1#引风机121开关~WDH-821A~遥信~分位,1#引风机121开关~WDH-821A~遥信~分位,1,1
275,1#引风机121开关~WDH-821A~遥信~合位,1#引风机121开关~WDH-821A~遥信~合位,1#引风机121开关~WDH-821A~遥信~合位,1,1
276,1#引风机121开关~WDH-821A~遥信~接地刀合位,1#引风机121开关~WDH-821A~遥信~接地刀合位,1#引风机121开关~WDH-821A~遥信~接地刀合位,1,1
277,1#引风机121开关~WDH-821A~遥脉~反向无功电度,1#引风机121开关~WDH-821A~遥脉~反向无功电度,1#引风机121开关~WDH-821A~遥脉~反向无功电度,1,1
278,1#引风机121开关~WDH-821A~遥脉~反向有功电度,1#引风机121开关~WDH-821A~遥脉~反向有功电度,1#引风机121开关~WDH-821A~遥脉~反向有功电度,1,1
279,1#引风机121开关~WDH-821A~遥脉~正向有功电度,1#引风机121开关~WDH-821A~遥脉~正向有功电度,1#引风机121开关~WDH-821A~遥脉~正向有功电度,1,1
280,1#引风机121开关~WDH-821A~遥脉~正向无功电度,1#引风机121开关~WDH-821A~遥脉~正向无功电度,1#引风机121开关~WDH-821A~遥脉~正向无功电度,1,1
281,3#引风机123开关~WDH-821A~遥脉~正向无功电度,3#引风机123开关~WDH-821A~遥脉~正向无功电度,3#引风机123开关~WDH-821A~遥脉~正向无功电度,1,1
282,3#引风机123开关~WDH-821A~遥脉~正向有功电度,3#引风机123开关~WDH-821A~遥脉~正向有功电度,3#引风机123开关~WDH-821A~遥脉~正向有功电度,1,1
283,3#引风机123开关~WDH-821A~遥脉~反向有功电度,3#引风机123开关~WDH-821A~遥脉~反向有功电度,3#引风机123开关~WDH-821A~遥脉~反向有功电度,1,1
284,3#引风机123开关~WDH-821A~遥脉~反向无功电度,3#引风机123开关~WDH-821A~遥脉~反向无功电度,3#引风机123开关~WDH-821A~遥脉~反向无功电度,1,1
285,3#引风机123开关~WDH-821A~遥信~接地刀合位,3#引风机123开关~WDH-821A~遥信~接地刀合位,3#引风机123开关~WDH-821A~遥信~接地刀合位,1,1
286,3#引风机123开关~WDH-821A~遥信~合位,3#引风机123开关~WDH-821A~遥信~合位,3#引风机123开关~WDH-821A~遥信~合位,1,1
287,3#引风机123开关~WDH-821A~遥信~分位,3#引风机123开关~WDH-821A~遥信~分位,3#引风机123开关~WDH-821A~遥信~分位,1,1
288,3#引风机123开关~WDH-821A~遥信~手车工作位置,3#引风机123开关~WDH-821A~遥信~手车工作位置,3#引风机123开关~WDH-821A~遥信~手车工作位置,1,1
289,3#引风机123开关~WDH-821A~遥信~手车试验位置,3#引风机123开关~WDH-821A~遥信~手车试验位置,3#引风机123开关~WDH-821A~遥信~手车试验位置,1,1
290,3#引风机123开关~WDH-821A~遥测~COS,3#引风机123开关~WDH-821A~遥测~COS,3#引风机123开关~WDH-821A~遥测~COS,1,1
291,3#引风机123开关~WDH-821A~遥测~Q,3#引风机123开关~WDH-821A~遥测~Q,3#引风机123开关~WDH-821A~遥测~Q,1,1
292,3#引风机123开关~WDH-821A~遥测~P,3#引风机123开关~WDH-821A~遥测~P,3#引风机123开关~WDH-821A~遥测~P,1,1
293,3#引风机123开关~WDH-821A~遥测~IC,3#引风机123开关~WDH-821A~遥测~IC,3#引风机123开关~WDH-821A~遥测~IC,1,1
294,3#引风机123开关~WDH-821A~遥测~IA,3#引风机123开关~WDH-821A~遥测~IA,3#引风机123开关~WDH-821A~遥测~IA,1,1
295,5#循环水泵155开关~WDH-821A~遥脉~正向无功电度,5#循环水泵155开关~WDH-821A~遥脉~正向无功电度,5#循环水泵155开关~WDH-821A~遥脉~正向无功电度,1,1
296,5#循环水泵155开关~WDH-821A~遥脉~正向有功电度,5#循环水泵155开关~WDH-821A~遥脉~正向有功电度,5#循环水泵155开关~WDH-821A~遥脉~正向有功电度,1,1
297,5#循环水泵155开关~WDH-821A~遥脉~反向有功电度,5#循环水泵155开关~WDH-821A~遥脉~反向有功电度,5#循环水泵155开关~WDH-821A~遥脉~反向有功电度,1,1
298,5#循环水泵155开关~WDH-821A~遥脉~反向无功电度,5#循环水泵155开关~WDH-821A~遥脉~反向无功电度,5#循环水泵155开关~WDH-821A~遥脉~反向无功电度,1,1
299,5#循环水泵155开关~WDH-821A~遥信~接地刀合位,5#循环水泵155开关~WDH-821A~遥信~接地刀合位,5#循环水泵155开关~WDH-821A~遥信~接地刀合位,1,1
300,5#循环水泵155开关~WDH-821A~遥信~合位,5#循环水泵155开关~WDH-821A~遥信~合位,5#循环水泵155开关~WDH-821A~遥信~合位,1,1
301,5#循环水泵155开关~WDH-821A~遥信~分位,5#循环水泵155开关~WDH-821A~遥信~分位,5#循环水泵155开关~WDH-821A~遥信~分位,1,1
302,5#循环水泵155开关~WDH-821A~遥信~手车工作位置,5#循环水泵155开关~WDH-821A~遥信~手车工作位置,5#循环水泵155开关~WDH-821A~遥信~手车工作位置,1,1
303,5#循环水泵155开关~WDH-821A~遥信~手车试验位置,5#循环水泵155开关~WDH-821A~遥信~手车试验位置,5#循环水泵155开关~WDH-821A~遥信~手车试验位置,1,1
304,5#循环水泵155开关~WDH-821A~遥测~COS,5#循环水泵155开关~WDH-821A~遥测~COS,5#循环水泵155开关~WDH-821A~遥测~COS,1,1
305,5#循环水泵155开关~WDH-821A~遥测~Q,5#循环水泵155开关~WDH-821A~遥测~Q,5#循环水泵155开关~WDH-821A~遥测~Q,1,1
306,5#循环水泵155开关~WDH-821A~遥测~P,5#循环水泵155开关~WDH-821A~遥测~P,5#循环水泵155开关~WDH-821A~遥测~P,1,1
307,5#循环水泵155开关~WDH-821A~遥测~IC,5#循环水泵155开关~WDH-821A~遥测~IC,5#循环水泵155开关~WDH-821A~遥测~IC,1,1
308,5#循环水泵155开关~WDH-821A~遥测~IA,5#循环水泵155开关~WDH-821A~遥测~IA,5#循环水泵155开关~WDH-821A~遥测~IA,1,1
309,1#给水泵131开关~WDH-821A~遥测~COS,1#给水泵131开关~WDH-821A~遥测~COS,1#给水泵131开关~WDH-821A~遥测~COS,1,1
310,1#给水泵131开关~WDH-821A~遥测~Q,1#给水泵131开关~WDH-821A~遥测~Q,1#给水泵131开关~WDH-821A~遥测~Q,1,1
311,1#给水泵131开关~WDH-821A~遥测~P,1#给水泵131开关~WDH-821A~遥测~P,1#给水泵131开关~WDH-821A~遥测~P,1,1
312,1#给水泵131开关~WDH-821A~遥测~IC,1#给水泵131开关~WDH-821A~遥测~IC,1#给水泵131开关~WDH-821A~遥测~IC,1,1
313,1#给水泵131开关~WDH-821A~遥测~IA,1#给水泵131开关~WDH-821A~遥测~IA,1#给水泵131开关~WDH-821A~遥测~IA,1,1
314,1#给水泵131开关~WDH-821A~遥信~手车试验位置,1#给水泵131开关~WDH-821A~遥信~手车试验位置,1#给水泵131开关~WDH-821A~遥信~手车试验位置,1,1
315,1#给水泵131开关~WDH-821A~遥信~手车工作位置,1#给水泵131开关~WDH-821A~遥信~手车工作位置,1#给水泵131开关~WDH-821A~遥信~手车工作位置,1,1
316,1#给水泵131开关~WDH-821A~遥信~分位,1#给水泵131开关~WDH-821A~遥信~分位,1#给水泵131开关~WDH-821A~遥信~分位,1,1
317,1#给水泵131开关~WDH-821A~遥信~合位,1#给水泵131开关~WDH-821A~遥信~合位,1#给水泵131开关~WDH-821A~遥信~合位,1,1
318,1#给水泵131开关~WDH-821A~遥信~接地刀合位,1#给水泵131开关~WDH-821A~遥信~接地刀合位,1#给水泵131开关~WDH-821A~遥信~接地刀合位,1,1
319,1#给水泵131开关~WDH-821A~遥脉~反向无功电度,1#给水泵131开关~WDH-821A~遥脉~反向无功电度,1#给水泵131开关~WDH-821A~遥脉~反向无功电度,1,1
320,1#给水泵131开关~WDH-821A~遥脉~反向有功电度,1#给水泵131开关~WDH-821A~遥脉~反向有功电度,1#给水泵131开关~WDH-821A~遥脉~反向有功电度,1,1
321,1#给水泵131开关~WDH-821A~遥脉~正向有功电度,1#给水泵131开关~WDH-821A~遥脉~正向有功电度,1#给水泵131开关~WDH-821A~遥脉~正向有功电度,1,1
322,1#给水泵131开关~WDH-821A~遥脉~正向无功电度,1#给水泵131开关~WDH-821A~遥脉~正向无功电度,1#给水泵131开关~WDH-821A~遥脉~正向无功电度,1,1
323,污水变压器165开关~WCB-821A~遥脉~正向无功电度,污水变压器165开关~WCB-821A~遥脉~正向无功电度,污水变压器165开关~WCB-821A~遥脉~正向无功电度,1,1
324,污水变压器165开关~WCB-821A~遥脉~正向有功电度,污水变压器165开关~WCB-821A~遥脉~正向有功电度,污水变压器165开关~WCB-821A~遥脉~正向有功电度,1,1
325,污水变压器165开关~WCB-821A~遥脉~反向有功电度,污水变压器165开关~WCB-821A~遥脉~反向有功电度,污水变压器165开关~WCB-821A~遥脉~反向有功电度,1,1
326,污水变压器165开关~WCB-821A~遥脉~反向无功电度,污水变压器165开关~WCB-821A~遥脉~反向无功电度,污水变压器165开关~WCB-821A~遥脉~反向无功电度,1,1
327,污水变压器165开关~WCB-821A~遥信~接地刀合位,污水变压器165开关~WCB-821A~遥信~接地刀合位,污水变压器165开关~WCB-821A~遥信~接地刀合位,1,1
328,污水变压器165开关~WCB-821A~遥信~合位,污水变压器165开关~WCB-821A~遥信~合位,污水变压器165开关~WCB-821A~遥信~合位,1,1
329,污水变压器165开关~WCB-821A~遥信~分位,污水变压器165开关~WCB-821A~遥信~分位,污水变压器165开关~WCB-821A~遥信~分位,1,1
330,污水变压器165开关~WCB-821A~遥信~手车工作位置,污水变压器165开关~WCB-821A~遥信~手车工作位置,污水变压器165开关~WCB-821A~遥信~手车工作位置,1,1
331,污水变压器165开关~WCB-821A~遥信~手车试验位置,污水变压器165开关~WCB-821A~遥信~手车试验位置,污水变压器165开关~WCB-821A~遥信~手车试验位置,1,1
332,污水变压器165开关~WCB-821A~遥测~COS,污水变压器165开关~WCB-821A~遥测~COS,污水变压器165开关~WCB-821A~遥测~COS,1,1
333,污水变压器165开关~WCB-821A~遥测~Q,污水变压器165开关~WCB-821A~遥测~Q,污水变压器165开关~WCB-821A~遥测~Q,1,1
334,污水变压器165开关~WCB-821A~遥测~P,污水变压器165开关~WCB-821A~遥测~P,污水变压器165开关~WCB-821A~遥测~P,1,1
335,污水变压器165开关~WCB-821A~遥测~IC,污水变压器165开关~WCB-821A~遥测~IC,污水变压器165开关~WCB-821A~遥测~IC,1,1
336,污水变压器165开关~WCB-821A~遥测~IA,污水变压器165开关~WCB-821A~遥测~IA,污水变压器165开关~WCB-821A~遥测~IA,1,1
337,10kV I段母联110开关~WCH-821A~遥测~IB,10kV I段母联110开关~WCH-821A~遥测~IB,10kV I段母联110开关~WCH-821A~遥测~IB,1,1
338,10kV I段母联110开关~WCH-821A~遥测~IC,10kV I段母联110开关~WCH-821A~遥测~IC,10kV I段母联110开关~WCH-821A~遥测~IC,1,1
339,10kV I段母联110开关~WCH-821A~遥测~Q,10kV I段母联110开关~WCH-821A~遥测~Q,10kV I段母联110开关~WCH-821A~遥测~Q,1,1
340,10kV I段母联110开关~WCH-821A~遥测~IA,10kV I段母联110开关~WCH-821A~遥测~IA,10kV I段母联110开关~WCH-821A~遥测~IA,1,1
341,10kV I段母联110开关~WCH-821A~遥测~P,10kV I段母联110开关~WCH-821A~遥测~P,10kV I段母联110开关~WCH-821A~遥测~P,1,1
342,10kV I段母联110开关~WCH-821A~遥测~COS,10kV I段母联110开关~WCH-821A~遥测~COS,10kV I段母联110开关~WCH-821A~遥测~COS,1,1
343,10kV I段母联110开关~WCH-821A~遥信~手车试验位置,10kV I段母联110开关~WCH-821A~遥信~手车试验位置,10kV I段母联110开关~WCH-821A~遥信~手车试验位置,1,1
344,10kV I段母联110开关~WCH-821A~遥信~手车工作位置,10kV I段母联110开关~WCH-821A~遥信~手车工作位置,10kV I段母联110开关~WCH-821A~遥信~手车工作位置,1,1
345,10kV I段母联110开关~WCH-821A~遥信~分位,10kV I段母联110开关~WCH-821A~遥信~分位,10kV I段母联110开关~WCH-821A~遥信~分位,1,1
346,10kV I段母联110开关~WCH-821A~遥信~合位,10kV I段母联110开关~WCH-821A~遥信~合位,10kV I段母联110开关~WCH-821A~遥信~合位,1,1
347,10kV I段母联110开关~WCH-821A~遥信~接地刀合位,10kV I段母联110开关~WCH-821A~遥信~接地刀合位,10kV I段母联110开关~WCH-821A~遥信~接地刀合位,1,1
348,10kV I段母联110开关~WCH-821A~遥脉~反向无功电度,10kV I段母联110开关~WCH-821A~遥脉~反向无功电度,10kV I段母联110开关~WCH-821A~遥脉~反向无功电度,1,1
349,10kV I段母联110开关~WCH-821A~遥脉~反向有功电度,10kV I段母联110开关~WCH-821A~遥脉~反向有功电度,10kV I段母联110开关~WCH-821A~遥脉~反向有功电度,1,1
350,10kV I段母联110开关~WCH-821A~遥脉~正向有功电度,10kV I段母联110开关~WCH-821A~遥脉~正向有功电度,10kV I段母联110开关~WCH-821A~遥脉~正向有功电度,1,1
351,10kV I段母联110开关~WCH-821A~遥脉~正向无功电度,10kV I段母联110开关~WCH-821A~遥脉~正向无功电度,10kV I段母联110开关~WCH-821A~遥脉~正向无功电度,1,1
352,1#厂变高压侧161开关~WCB-821A~遥脉~正向无功电度,1#厂变高压侧161开关~WCB-821A~遥脉~正向无功电度,1#厂变高压侧161开关~WCB-821A~遥脉~正向无功电度,1,1
353,1#厂变高压侧161开关~WCB-821A~遥脉~正向有功电度,1#厂变高压侧161开关~WCB-821A~遥脉~正向有功电度,1#厂变高压侧161开关~WCB-821A~遥脉~正向有功电度,1,1
354,1#厂变高压侧161开关~WCB-821A~遥脉~反向有功电度,1#厂变高压侧161开关~WCB-821A~遥脉~反向有功电度,1#厂变高压侧161开关~WCB-821A~遥脉~反向有功电度,1,1
355,1#厂变高压侧161开关~WCB-821A~遥脉~反向无功电度,1#厂变高压侧161开关~WCB-821A~遥脉~反向无功电度,1#厂变高压侧161开关~WCB-821A~遥脉~反向无功电度,1,1
356,1#厂变高压侧161开关~WCB-821A~遥信~接地刀合位,1#厂变高压侧161开关~WCB-821A~遥信~接地刀合位,1#厂变高压侧161开关~WCB-821A~遥信~接地刀合位,1,1
357,1#厂变高压侧161开关~WCB-821A~遥信~合位,1#厂变高压侧161开关~WCB-821A~遥信~合位,1#厂变高压侧161开关~WCB-821A~遥信~合位,1,1
358,1#厂变高压侧161开关~WCB-821A~遥信~分位,1#厂变高压侧161开关~WCB-821A~遥信~分位,1#厂变高压侧161开关~WCB-821A~遥信~分位,1,1
359,1#厂变高压侧161开关~WCB-821A~遥信~手车工作位置,1#厂变高压侧161开关~WCB-821A~遥信~手车工作位置,1#厂变高压侧161开关~WCB-821A~遥信~手车工作位置,1,1
360,1#厂变高压侧161开关~WCB-821A~遥信~手车试验位置,1#厂变高压侧161开关~WCB-821A~遥信~手车试验位置,1#厂变高压侧161开关~WCB-821A~遥信~手车试验位置,1,1
361,1#厂变高压侧161开关~WCB-821A~遥测~COS,1#厂变高压侧161开关~WCB-821A~遥测~COS,1#厂变高压侧161开关~WCB-821A~遥测~COS,1,1
362,1#厂变高压侧161开关~WCB-821A~遥测~Q,1#厂变高压侧161开关~WCB-821A~遥测~Q,1#厂变高压侧161开关~WCB-821A~遥测~Q,1,1
363,1#厂变高压侧161开关~WCB-821A~遥测~P,1#厂变高压侧161开关~WCB-821A~遥测~P,1#厂变高压侧161开关~WCB-821A~遥测~P,1,1
364,1#厂变高压侧161开关~WCB-821A~遥测~IC,1#厂变高压侧161开关~WCB-821A~遥测~IC,1#厂变高压侧161开关~WCB-821A~遥测~IC,1,1
365,1#厂变高压侧161开关~WCB-821A~遥测~IA,1#厂变高压侧161开关~WCB-821A~遥测~IA,1#厂变高压侧161开关~WCB-821A~遥测~IA,1,1
366,3#厂变高压侧163开关~WCB-821A~遥脉~正向无功电度,3#厂变高压侧163开关~WCB-821A~遥脉~正向无功电度,3#厂变高压侧163开关~WCB-821A~遥脉~正向无功电度,1,1
367,3#厂变高压侧163开关~WCB-821A~遥脉~正向有功电度,3#厂变高压侧163开关~WCB-821A~遥脉~正向有功电度,3#厂变高压侧163开关~WCB-821A~遥脉~正向有功电度,1,1
368,3#厂变高压侧163开关~WCB-821A~遥脉~反向有功电度,3#厂变高压侧163开关~WCB-821A~遥脉~反向有功电度,3#厂变高压侧163开关~WCB-821A~遥脉~反向有功电度,1,1
369,3#厂变高压侧163开关~WCB-821A~遥脉~反向无功电度,3#厂变高压侧163开关~WCB-821A~遥脉~反向无功电度,3#厂变高压侧163开关~WCB-821A~遥脉~反向无功电度,1,1
370,3#厂变高压侧163开关~WCB-821A~遥信~接地刀合位,3#厂变高压侧163开关~WCB-821A~遥信~接地刀合位,3#厂变高压侧163开关~WCB-821A~遥信~接地刀合位,1,1
371,3#厂变高压侧163开关~WCB-821A~遥信~合位,3#厂变高压侧163开关~WCB-821A~遥信~合位,3#厂变高压侧163开关~WCB-821A~遥信~合位,1,1
372,3#厂变高压侧163开关~WCB-821A~遥信~分位,3#厂变高压侧163开关~WCB-821A~遥信~分位,3#厂变高压侧163开关~WCB-821A~遥信~分位,1,1
373,3#厂变高压侧163开关~WCB-821A~遥信~手车工作位置,3#厂变高压侧163开关~WCB-821A~遥信~手车工作位置,3#厂变高压侧163开关~WCB-821A~遥信~手车工作位置,1,1
374,3#厂变高压侧163开关~WCB-821A~遥信~手车试验位置,3#厂变高压侧163开关~WCB-821A~遥信~手车试验位置,3#厂变高压侧163开关~WCB-821A~遥信~手车试验位置,1,1
375,3#厂变高压侧163开关~WCB-821A~遥测~COS,3#厂变高压侧163开关~WCB-821A~遥测~COS,3#厂变高压侧163开关~WCB-821A~遥测~COS,1,1
376,3#厂变高压侧163开关~WCB-821A~遥测~Q,3#厂变高压侧163开关~WCB-821A~遥测~Q,3#厂变高压侧163开关~WCB-821A~遥测~Q,1,1
377,3#厂变高压侧163开关~WCB-821A~遥测~P,3#厂变高压侧163开关~WCB-821A~遥测~P,3#厂变高压侧163开关~WCB-821A~遥测~P,1,1
378,3#厂变高压侧163开关~WCB-821A~遥测~IC,3#厂变高压侧163开关~WCB-821A~遥测~IC,3#厂变高压侧163开关~WCB-821A~遥测~IC,1,1
379,3#厂变高压侧163开关~WCB-821A~遥测~IA,3#厂变高压侧163开关~WCB-821A~遥测~IA,3#厂变高压侧163开关~WCB-821A~遥测~IA,1,1
380,0#厂变高压侧160开关~WCB-821A~遥脉~正向无功电度,0#厂变高压侧160开关~WCB-821A~遥脉~正向无功电度,0#厂变高压侧160开关~WCB-821A~遥脉~正向无功电度,1,1
381,0#厂变高压侧160开关~WCB-821A~遥脉~正向有功电度,0#厂变高压侧160开关~WCB-821A~遥脉~正向有功电度,0#厂变高压侧160开关~WCB-821A~遥脉~正向有功电度,1,1
382,0#厂变高压侧160开关~WCB-821A~遥脉~反向有功电度,0#厂变高压侧160开关~WCB-821A~遥脉~反向有功电度,0#厂变高压侧160开关~WCB-821A~遥脉~反向有功电度,1,1
383,0#厂变高压侧160开关~WCB-821A~遥脉~反向无功电度,0#厂变高压侧160开关~WCB-821A~遥脉~反向无功电度,0#厂变高压侧160开关~WCB-821A~遥脉~反向无功电度,1,1
384,0#厂变高压侧160开关~WCB-821A~遥信~接地刀合位,0#厂变高压侧160开关~WCB-821A~遥信~接地刀合位,0#厂变高压侧160开关~WCB-821A~遥信~接地刀合位,1,1
385,0#厂变高压侧160开关~WCB-821A~遥信~合位,0#厂变高压侧160开关~WCB-821A~遥信~合位,0#厂变高压侧160开关~WCB-821A~遥信~合位,1,1
386,0#厂变高压侧160开关~WCB-821A~遥信~分位,0#厂变高压侧160开关~WCB-821A~遥信~分位,0#厂变高压侧160开关~WCB-821A~遥信~分位,1,1
387,0#厂变高压侧160开关~WCB-821A~遥信~手车工作位置,0#厂变高压侧160开关~WCB-821A~遥信~手车工作位置,0#厂变高压侧160开关~WCB-821A~遥信~手车工作位置,1,1
388,0#厂变高压侧160开关~WCB-821A~遥信~手车试验位置,0#厂变高压侧160开关~WCB-821A~遥信~手车试验位置,0#厂变高压侧160开关~WCB-821A~遥信~手车试验位置,1,1
389,0#厂变高压侧160开关~WCB-821A~遥测~COS,0#厂变高压侧160开关~WCB-821A~遥测~COS,0#厂变高压侧160开关~WCB-821A~遥测~COS,1,1
390,0#厂变高压侧160开关~WCB-821A~遥测~P,0#厂变高压侧160开关~WCB-821A~遥测~P,0#厂变高压侧160开关~WCB-821A~遥测~P,1,1
391,0#厂变高压侧160开关~WCB-821A~遥测~IA,0#厂变高压侧160开关~WCB-821A~遥测~IA,0#厂变高压侧160开关~WCB-821A~遥测~IA,1,1
392,0#厂变高压侧160开关~WCB-821A~遥测~Q,0#厂变高压侧160开关~WCB-821A~遥测~Q,0#厂变高压侧160开关~WCB-821A~遥测~Q,1,1
393,0#厂变高压侧160开关~WCB-821A~遥测~IC,0#厂变高压侧160开关~WCB-821A~遥测~IC,0#厂变高压侧160开关~WCB-821A~遥测~IC,1,1
394,10kV保安电源170开关~WXH-821A~遥脉~正向无功电度,10kV保安电源170开关~WXH-821A~遥脉~正向无功电度,10kV保安电源170开关~WXH-821A~遥脉~正向无功电度,1,1
395,10kV保安电源170开关~WXH-821A~遥脉~正向有功电度,10kV保安电源170开关~WXH-821A~遥脉~正向有功电度,10kV保安电源170开关~WXH-821A~遥脉~正向有功电度,1,1
396,10kV保安电源170开关~WXH-821A~遥脉~反向有功电度,10kV保安电源170开关~WXH-821A~遥脉~反向有功电度,10kV保安电源170开关~WXH-821A~遥脉~反向有功电度,1,1
397,10kV保安电源170开关~WXH-821A~遥脉~反向无功电度,10kV保安电源170开关~WXH-821A~遥脉~反向无功电度,10kV保安电源170开关~WXH-821A~遥脉~反向无功电度,1,1
398,10kV保安电源170开关~WXH-821A~遥信~1701工作位置,10kV保安电源170开关~WXH-821A~遥信~1701工作位置,10kV保安电源170开关~WXH-821A~遥信~1701工作位置,1,1
399,10kV保安电源170开关~WXH-821A~遥信~1701试验位置,10kV保安电源170开关~WXH-821A~遥信~1701试验位置,10kV保安电源170开关~WXH-821A~遥信~1701试验位置,1,1
400,10kV保安电源170开关~WXH-821A~遥信~接地刀合位,10kV保安电源170开关~WXH-821A~遥信~接地刀合位,10kV保安电源170开关~WXH-821A~遥信~接地刀合位,1,1
401,10kV保安电源170开关~WXH-821A~遥信~合位,10kV保安电源170开关~WXH-821A~遥信~合位,10kV保安电源170开关~WXH-821A~遥信~合位,1,1
402,10kV保安电源170开关~WXH-821A~遥信~分位,10kV保安电源170开关~WXH-821A~遥信~分位,10kV保安电源170开关~WXH-821A~遥信~分位,1,1
403,10kV保安电源170开关~WXH-821A~遥信~手车工作位置,10kV保安电源170开关~WXH-821A~遥信~手车工作位置,10kV保安电源170开关~WXH-821A~遥信~手车工作位置,1,1
404,10kV保安电源170开关~WXH-821A~遥信~手车试验位置,10kV保安电源170开关~WXH-821A~遥信~手车试验位置,10kV保安电源170开关~WXH-821A~遥信~手车试验位置,1,1
405,10kV保安电源170开关~WXH-821A~遥测~COS,10kV保安电源170开关~WXH-821A~遥测~COS,10kV保安电源170开关~WXH-821A~遥测~COS,1,1
406,10kV保安电源170开关~WXH-821A~遥测~P,10kV保安电源170开关~WXH-821A~遥测~P,10kV保安电源170开关~WXH-821A~遥测~P,1,1
407,10kV保安电源170开关~WXH-821A~遥测~IA,10kV保安电源170开关~WXH-821A~遥测~IA,10kV保安电源170开关~WXH-821A~遥测~IA,1,1
408,10kV保安电源170开关~WXH-821A~遥测~Q,10kV保安电源170开关~WXH-821A~遥测~Q,10kV保安电源170开关~WXH-821A~遥测~Q,1,1
409,10kV保安电源170开关~WXH-821A~遥测~IC,10kV保安电源170开关~WXH-821A~遥测~IC,10kV保安电源170开关~WXH-821A~遥测~IC,1,1
410,10kV保安电源170开关~WXH-821A~遥测~IB,10kV保安电源170开关~WXH-821A~遥测~IB,10kV保安电源170开关~WXH-821A~遥测~IB,1,1
411,10kV II段母联120开关~WCH-821A~遥脉~正向无功电度,10kV II段母联120开关~WCH-821A~遥脉~正向无功电度,10kV II段母联120开关~WCH-821A~遥脉~正向无功电度,1,1
412,10kV II段母联120开关~WCH-821A~遥脉~正向有功电度,10kV II段母联120开关~WCH-821A~遥脉~正向有功电度,10kV II段母联120开关~WCH-821A~遥脉~正向有功电度,1,1
413,10kV II段母联120开关~WCH-821A~遥脉~反向有功电度,10kV II段母联120开关~WCH-821A~遥脉~反向有功电度,10kV II段母联120开关~WCH-821A~遥脉~反向有功电度,1,1
414,10kV II段母联120开关~WCH-821A~遥脉~反向无功电度,10kV II段母联120开关~WCH-821A~遥脉~反向无功电度,10kV II段母联120开关~WCH-821A~遥脉~反向无功电度,1,1
415,10kV II段母联120开关~WCH-821A~遥信~接地刀合位,10kV II段母联120开关~WCH-821A~遥信~接地刀合位,10kV II段母联120开关~WCH-821A~遥信~接地刀合位,1,1
416,10kV II段母联120开关~WCH-821A~遥信~合位,10kV II段母联120开关~WCH-821A~遥信~合位,10kV II段母联120开关~WCH-821A~遥信~合位,1,1
417,10kV II段母联120开关~WCH-821A~遥信~分位,10kV II段母联120开关~WCH-821A~遥信~分位,10kV II段母联120开关~WCH-821A~遥信~分位,1,1
418,10kV II段母联120开关~WCH-821A~遥信~手车工作位置,10kV II段母联120开关~WCH-821A~遥信~手车工作位置,10kV II段母联120开关~WCH-821A~遥信~手车工作位置,1,1
419,10kV II段母联120开关~WCH-821A~遥信~手车试验位置,10kV II段母联120开关~WCH-821A~遥信~手车试验位置,10kV II段母联120开关~WCH-821A~遥信~手车试验位置,1,1
420,10kV II段母联120开关~WCH-821A~遥测~COS,10kV II段母联120开关~WCH-821A~遥测~COS,10kV II段母联120开关~WCH-821A~遥测~COS,1,1
421,10kV II段母联120开关~WCH-821A~遥测~P,10kV II段母联120开关~WCH-821A~遥测~P,10kV II段母联120开关~WCH-821A~遥测~P,1,1
422,10kV II段母联120开关~WCH-821A~遥测~IA,10kV II段母联120开关~WCH-821A~遥测~IA,10kV II段母联120开关~WCH-821A~遥测~IA,1,1
423,10kV II段母联120开关~WCH-821A~遥测~Q,10kV II段母联120开关~WCH-821A~遥测~Q,10kV II段母联120开关~WCH-821A~遥测~Q,1,1
424,10kV II段母联120开关~WCH-821A~遥测~IC,10kV II段母联120开关~WCH-821A~遥测~IC,10kV II段母联120开关~WCH-821A~遥测~IC,1,1
425,10kV II段母联120开关~WCH-821A~遥测~IB,10kV II段母联120开关~WCH-821A~遥测~IB,10kV II段母联120开关~WCH-821A~遥测~IB,1,1
426,3#给水泵133开关~WDH-821A~遥脉~正向无功电度,3#给水泵133开关~WDH-821A~遥脉~正向无功电度,3#给水泵133开关~WDH-821A~遥脉~正向无功电度,1,1
427,3#给水泵133开关~WDH-821A~遥脉~正向有功电度,3#给水泵133开关~WDH-821A~遥脉~正向有功电度,3#给水泵133开关~WDH-821A~遥脉~正向有功电度,1,1
428,3#给水泵133开关~WDH-821A~遥脉~反向有功电度,3#给水泵133开关~WDH-821A~遥脉~反向有功电度,3#给水泵133开关~WDH-821A~遥脉~反向有功电度,1,1
429,3#给水泵133开关~WDH-821A~遥脉~反向无功电度,3#给水泵133开关~WDH-821A~遥脉~反向无功电度,3#给水泵133开关~WDH-821A~遥脉~反向无功电度,1,1
430,3#给水泵133开关~WDH-821A~遥信~接地刀合位,3#给水泵133开关~WDH-821A~遥信~接地刀合位,3#给水泵133开关~WDH-821A~遥信~接地刀合位,1,1
431,3#给水泵133开关~WDH-821A~遥信~合位,3#给水泵133开关~WDH-821A~遥信~合位,3#给水泵133开关~WDH-821A~遥信~合位,1,1
432,3#给水泵133开关~WDH-821A~遥信~分位,3#给水泵133开关~WDH-821A~遥信~分位,3#给水泵133开关~WDH-821A~遥信~分位,1,1
433,3#给水泵133开关~WDH-821A~遥信~手车工作位置,3#给水泵133开关~WDH-821A~遥信~手车工作位置,3#给水泵133开关~WDH-821A~遥信~手车工作位置,1,1
434,3#给水泵133开关~WDH-821A~遥信~手车试验位置,3#给水泵133开关~WDH-821A~遥信~手车试验位置,3#给水泵133开关~WDH-821A~遥信~手车试验位置,1,1
435,3#给水泵133开关~WDH-821A~遥测~IA,3#给水泵133开关~WDH-821A~遥测~IA,3#给水泵133开关~WDH-821A~遥测~IA,1,1
436,3#给水泵133开关~WDH-821A~遥测~IC,3#给水泵133开关~WDH-821A~遥测~IC,3#给水泵133开关~WDH-821A~遥测~IC,1,1
437,3#给水泵133开关~WDH-821A~遥测~P,3#给水泵133开关~WDH-821A~遥测~P,3#给水泵133开关~WDH-821A~遥测~P,1,1
438,3#给水泵133开关~WDH-821A~遥测~Q,3#给水泵133开关~WDH-821A~遥测~Q,3#给水泵133开关~WDH-821A~遥测~Q,1,1
439,3#给水泵133开关~WDH-821A~遥测~COS,3#给水泵133开关~WDH-821A~遥测~COS,3#给水泵133开关~WDH-821A~遥测~COS,1,1
440,2#循环水泵152开关~WDH-821A~遥脉~正向无功电度,2#循环水泵152开关~WDH-821A~遥脉~正向无功电度,2#循环水泵152开关~WDH-821A~遥脉~正向无功电度,1,1
441,2#循环水泵152开关~WDH-821A~遥脉~正向有功电度,2#循环水泵152开关~WDH-821A~遥脉~正向有功电度,2#循环水泵152开关~WDH-821A~遥脉~正向有功电度,1,1
442,2#循环水泵152开关~WDH-821A~遥脉~反向有功电度,2#循环水泵152开关~WDH-821A~遥脉~反向有功电度,2#循环水泵152开关~WDH-821A~遥脉~反向有功电度,1,1
443,2#循环水泵152开关~WDH-821A~遥脉~反向无功电度,2#循环水泵152开关~WDH-821A~遥脉~反向无功电度,2#循环水泵152开关~WDH-821A~遥脉~反向无功电度,1,1
444,2#循环水泵152开关~WDH-821A~遥信~接地刀合位,2#循环水泵152开关~WDH-821A~遥信~接地刀合位,2#循环水泵152开关~WDH-821A~遥信~接地刀合位,1,1
445,2#循环水泵152开关~WDH-821A~遥信~合位,2#循环水泵152开关~WDH-821A~遥信~合位,2#循环水泵152开关~WDH-821A~遥信~合位,1,1
446,2#循环水泵152开关~WDH-821A~遥信~分位,2#循环水泵152开关~WDH-821A~遥信~分位,2#循环水泵152开关~WDH-821A~遥信~分位,1,1
447,2#循环水泵152开关~WDH-821A~遥信~手车工作位置,2#循环水泵152开关~WDH-821A~遥信~手车工作位置,2#循环水泵152开关~WDH-821A~遥信~手车工作位置,1,1
448,2#循环水泵152开关~WDH-821A~遥信~手车试验位置,2#循环水泵152开关~WDH-821A~遥信~手车试验位置,2#循环水泵152开关~WDH-821A~遥信~手车试验位置,1,1
449,2#循环水泵152开关~WDH-821A~遥测~IA,2#循环水泵152开关~WDH-821A~遥测~IA,2#循环水泵152开关~WDH-821A~遥测~IA,1,1
450,2#循环水泵152开关~WDH-821A~遥测~IC,2#循环水泵152开关~WDH-821A~遥测~IC,2#循环水泵152开关~WDH-821A~遥测~IC,1,1
451,2#循环水泵152开关~WDH-821A~遥测~P,2#循环水泵152开关~WDH-821A~遥测~P,2#循环水泵152开关~WDH-821A~遥测~P,1,1
452,2#循环水泵152开关~WDH-821A~遥测~Q,2#循环水泵152开关~WDH-821A~遥测~Q,2#循环水泵152开关~WDH-821A~遥测~Q,1,1
453,2#循环水泵152开关~WDH-821A~遥测~COS,2#循环水泵152开关~WDH-821A~遥测~COS,2#循环水泵152开关~WDH-821A~遥测~COS,1,1
454,4#循环水泵154开关~WDH-821A~遥测~COS,4#循环水泵154开关~WDH-821A~遥测~COS,4#循环水泵154开关~WDH-821A~遥测~COS,1,1
455,4#循环水泵154开关~WDH-821A~遥测~Q,4#循环水泵154开关~WDH-821A~遥测~Q,4#循环水泵154开关~WDH-821A~遥测~Q,1,1
456,4#循环水泵154开关~WDH-821A~遥测~P,4#循环水泵154开关~WDH-821A~遥测~P,4#循环水泵154开关~WDH-821A~遥测~P,1,1
457,4#循环水泵154开关~WDH-821A~遥测~IC,4#循环水泵154开关~WDH-821A~遥测~IC,4#循环水泵154开关~WDH-821A~遥测~IC,1,1
458,4#循环水泵154开关~WDH-821A~遥测~IA,4#循环水泵154开关~WDH-821A~遥测~IA,4#循环水泵154开关~WDH-821A~遥测~IA,1,1
459,4#循环水泵154开关~WDH-821A~遥信~手车试验位置,4#循环水泵154开关~WDH-821A~遥信~手车试验位置,4#循环水泵154开关~WDH-821A~遥信~手车试验位置,1,1
460,4#循环水泵154开关~WDH-821A~遥信~手车工作位置,4#循环水泵154开关~WDH-821A~遥信~手车工作位置,4#循环水泵154开关~WDH-821A~遥信~手车工作位置,1,1
461,4#循环水泵154开关~WDH-821A~遥信~分位,4#循环水泵154开关~WDH-821A~遥信~分位,4#循环水泵154开关~WDH-821A~遥信~分位,1,1
462,4#循环水泵154开关~WDH-821A~遥信~合位,4#循环水泵154开关~WDH-821A~遥信~合位,4#循环水泵154开关~WDH-821A~遥信~合位,1,1
463,4#循环水泵154开关~WDH-821A~遥信~接地刀合位,4#循环水泵154开关~WDH-821A~遥信~接地刀合位,4#循环水泵154开关~WDH-821A~遥信~接地刀合位,1,1
464,4#循环水泵154开关~WDH-821A~遥脉~反向无功电度,4#循环水泵154开关~WDH-821A~遥脉~反向无功电度,4#循环水泵154开关~WDH-821A~遥脉~反向无功电度,1,1
465,4#循环水泵154开关~WDH-821A~遥脉~反向有功电度,4#循环水泵154开关~WDH-821A~遥脉~反向有功电度,4#循环水泵154开关~WDH-821A~遥脉~反向有功电度,1,1
466,4#循环水泵154开关~WDH-821A~遥脉~正向有功电度,4#循环水泵154开关~WDH-821A~遥脉~正向有功电度,4#循环水泵154开关~WDH-821A~遥脉~正向有功电度,1,1
467,4#循环水泵154开关~WDH-821A~遥脉~正向无功电度,4#循环水泵154开关~WDH-821A~遥脉~正向无功电度,4#循环水泵154开关~WDH-821A~遥脉~正向无功电度,1,1
468,2#给水泵132开关~WDH-821A~遥脉~正向无功电度,2#给水泵132开关~WDH-821A~遥脉~正向无功电度,2#给水泵132开关~WDH-821A~遥脉~正向无功电度,1,1
469,2#给水泵132开关~WDH-821A~遥脉~正向有功电度,2#给水泵132开关~WDH-821A~遥脉~正向有功电度,2#给水泵132开关~WDH-821A~遥脉~正向有功电度,1,1
470,2#给水泵132开关~WDH-821A~遥脉~反向有功电度,2#给水泵132开关~WDH-821A~遥脉~反向有功电度,2#给水泵132开关~WDH-821A~遥脉~反向有功电度,1,1
471,2#给水泵132开关~WDH-821A~遥脉~反向无功电度,2#给水泵132开关~WDH-821A~遥脉~反向无功电度,2#给水泵132开关~WDH-821A~遥脉~反向无功电度,1,1
472,2#给水泵132开关~WDH-821A~遥信~接地刀合位,2#给水泵132开关~WDH-821A~遥信~接地刀合位,2#给水泵132开关~WDH-821A~遥信~接地刀合位,1,1
473,2#给水泵132开关~WDH-821A~遥信~合位,2#给水泵132开关~WDH-821A~遥信~合位,2#给水泵132开关~WDH-821A~遥信~合位,1,1
474,2#给水泵132开关~WDH-821A~遥信~分位,2#给水泵132开关~WDH-821A~遥信~分位,2#给水泵132开关~WDH-821A~遥信~分位,1,1
475,2#给水泵132开关~WDH-821A~遥信~手车工作位置,2#给水泵132开关~WDH-821A~遥信~手车工作位置,2#给水泵132开关~WDH-821A~遥信~手车工作位置,1,1
476,2#给水泵132开关~WDH-821A~遥信~手车试验位置,2#给水泵132开关~WDH-821A~遥信~手车试验位置,2#给水泵132开关~WDH-821A~遥信~手车试验位置,1,1
477,2#给水泵132开关~WDH-821A~遥测~IA,2#给水泵132开关~WDH-821A~遥测~IA,2#给水泵132开关~WDH-821A~遥测~IA,1,1
478,2#给水泵132开关~WDH-821A~遥测~IC,2#给水泵132开关~WDH-821A~遥测~IC,2#给水泵132开关~WDH-821A~遥测~IC,1,1
479,2#给水泵132开关~WDH-821A~遥测~P,2#给水泵132开关~WDH-821A~遥测~P,2#给水泵132开关~WDH-821A~遥测~P,1,1
480,2#给水泵132开关~WDH-821A~遥测~Q,2#给水泵132开关~WDH-821A~遥测~Q,2#给水泵132开关~WDH-821A~遥测~Q,1,1
481,2#给水泵132开关~WDH-821A~遥测~COS,2#给水泵132开关~WDH-821A~遥测~COS,2#给水泵132开关~WDH-821A~遥测~COS,1,1
482,2#引风机122开关~WDH-821A~遥测~IA,2#引风机122开关~WDH-821A~遥测~IA,2#引风机122开关~WDH-821A~遥测~IA,1,1
483,2#引风机122开关~WDH-821A~遥测~IC,2#引风机122开关~WDH-821A~遥测~IC,2#引风机122开关~WDH-821A~遥测~IC,1,1
484,2#引风机122开关~WDH-821A~遥测~P,2#引风机122开关~WDH-821A~遥测~P,2#引风机122开关~WDH-821A~遥测~P,1,1
485,2#引风机122开关~WDH-821A~遥测~Q,2#引风机122开关~WDH-821A~遥测~Q,2#引风机122开关~WDH-821A~遥测~Q,1,1
486,2#引风机122开关~WDH-821A~遥测~COS,2#引风机122开关~WDH-821A~遥测~COS,2#引风机122开关~WDH-821A~遥测~COS,1,1
487,2#引风机122开关~WDH-821A~遥信~手车试验位置,2#引风机122开关~WDH-821A~遥信~手车试验位置,2#引风机122开关~WDH-821A~遥信~手车试验位置,1,1
488,2#引风机122开关~WDH-821A~遥信~手车工作位置,2#引风机122开关~WDH-821A~遥信~手车工作位置,2#引风机122开关~WDH-821A~遥信~手车工作位置,1,1
489,2#引风机122开关~WDH-821A~遥信~分位,2#引风机122开关~WDH-821A~遥信~分位,2#引风机122开关~WDH-821A~遥信~分位,1,1
490,2#引风机122开关~WDH-821A~遥信~合位,2#引风机122开关~WDH-821A~遥信~合位,2#引风机122开关~WDH-821A~遥信~合位,1,1
491,2#引风机122开关~WDH-821A~遥信~接地刀合位,2#引风机122开关~WDH-821A~遥信~接地刀合位,2#引风机122开关~WDH-821A~遥信~接地刀合位,1,1
492,2#引风机122开关~WDH-821A~遥脉~反向无功电度,2#引风机122开关~WDH-821A~遥脉~反向无功电度,2#引风机122开关~WDH-821A~遥脉~反向无功电度,1,1
493,2#引风机122开关~WDH-821A~遥脉~反向有功电度,2#引风机122开关~WDH-821A~遥脉~反向有功电度,2#引风机122开关~WDH-821A~遥脉~反向有功电度,1,1
494,2#引风机122开关~WDH-821A~遥脉~正向有功电度,2#引风机122开关~WDH-821A~遥脉~正向有功电度,2#引风机122开关~WDH-821A~遥脉~正向有功电度,1,1
495,2#引风机122开关~WDH-821A~遥脉~正向无功电度,2#引风机122开关~WDH-821A~遥脉~正向无功电度,2#引风机122开关~WDH-821A~遥脉~正向无功电度,1,1
496,4#引风机124开关~WDH-821A~遥脉~正向无功电度,4#引风机124开关~WDH-821A~遥脉~正向无功电度,4#引风机124开关~WDH-821A~遥脉~正向无功电度,1,1
497,4#引风机124开关~WDH-821A~遥脉~正向有功电度,4#引风机124开关~WDH-821A~遥脉~正向有功电度,4#引风机124开关~WDH-821A~遥脉~正向有功电度,1,1
498,4#引风机124开关~WDH-821A~遥脉~反向有功电度,4#引风机124开关~WDH-821A~遥脉~反向有功电度,4#引风机124开关~WDH-821A~遥脉~反向有功电度,1,1
499,4#引风机124开关~WDH-821A~遥脉~反向无功电度,4#引风机124开关~WDH-821A~遥脉~反向无功电度,4#引风机124开关~WDH-821A~遥脉~反向无功电度,1,1
500,4#引风机124开关~WDH-821A~遥信~接地刀合位,4#引风机124开关~WDH-821A~遥信~接地刀合位,4#引风机124开关~WDH-821A~遥信~接地刀合位,1,1
501,4#引风机124开关~WDH-821A~遥信~合位,4#引风机124开关~WDH-821A~遥信~合位,4#引风机124开关~WDH-821A~遥信~合位,1,1
502,4#引风机124开关~WDH-821A~遥信~分位,4#引风机124开关~WDH-821A~遥信~分位,4#引风机124开关~WDH-821A~遥信~分位,1,1
503,4#引风机124开关~WDH-821A~遥信~手车工作位置,4#引风机124开关~WDH-821A~遥信~手车工作位置,4#引风机124开关~WDH-821A~遥信~手车工作位置,1,1
504,4#引风机124开关~WDH-821A~遥信~手车试验位置,4#引风机124开关~WDH-821A~遥信~手车试验位置,4#引风机124开关~WDH-821A~遥信~手车试验位置,1,1
505,4#引风机124开关~WDH-821A~遥测~COS,4#引风机124开关~WDH-821A~遥测~COS,4#引风机124开关~WDH-821A~遥测~COS,1,1
506,4#引风机124开关~WDH-821A~遥测~Q,4#引风机124开关~WDH-821A~遥测~Q,4#引风机124开关~WDH-821A~遥测~Q,1,1
507,4#引风机124开关~WDH-821A~遥测~P,4#引风机124开关~WDH-821A~遥测~P,4#引风机124开关~WDH-821A~遥测~P,1,1
508,4#引风机124开关~WDH-821A~遥测~IC,4#引风机124开关~WDH-821A~遥测~IC,4#引风机124开关~WDH-821A~遥测~IC,1,1
509,4#引风机124开关~WDH-821A~遥测~IA,4#引风机124开关~WDH-821A~遥测~IA,4#引风机124开关~WDH-821A~遥测~IA,1,1
510,10kV II母备用回路2~WDH-821A~遥测~IA,10kV II母备用回路2~WDH-821A~遥测~IA,10kV II母备用回路2~WDH-821A~遥测~IA,1,1
511,10kV II母备用回路2~WDH-821A~遥测~IC,10kV II母备用回路2~WDH-821A~遥测~IC,10kV II母备用回路2~WDH-821A~遥测~IC,1,1
512,10kV II母备用回路2~WDH-821A~遥测~P,10kV II母备用回路2~WDH-821A~遥测~P,10kV II母备用回路2~WDH-821A~遥测~P,1,1
513,10kV II母备用回路2~WDH-821A~遥测~Q,10kV II母备用回路2~WDH-821A~遥测~Q,10kV II母备用回路2~WDH-821A~遥测~Q,1,1
514,10kV II母备用回路2~WDH-821A~遥测~COS,10kV II母备用回路2~WDH-821A~遥测~COS,10kV II母备用回路2~WDH-821A~遥测~COS,1,1
515,10kV II母备用回路2~WDH-821A~遥信~手车试验位置,10kV II母备用回路2~WDH-821A~遥信~手车试验位置,10kV II母备用回路2~WDH-821A~遥信~手车试验位置,1,1
516,10kV II母备用回路2~WDH-821A~遥信~手车工作位置,10kV II母备用回路2~WDH-821A~遥信~手车工作位置,10kV II母备用回路2~WDH-821A~遥信~手车工作位置,1,1
517,10kV II母备用回路2~WDH-821A~遥信~分位,10kV II母备用回路2~WDH-821A~遥信~分位,10kV II母备用回路2~WDH-821A~遥信~分位,1,1
518,10kV II母备用回路2~WDH-821A~遥信~合位,10kV II母备用回路2~WDH-821A~遥信~合位,10kV II母备用回路2~WDH-821A~遥信~合位,1,1
519,10kV II母备用回路2~WDH-821A~遥信~接地刀合位,10kV II母备用回路2~WDH-821A~遥信~接地刀合位,10kV II母备用回路2~WDH-821A~遥信~接地刀合位,1,1
520,10kV II母备用回路2~WDH-821A~遥脉~反向无功电度,10kV II母备用回路2~WDH-821A~遥脉~反向无功电度,10kV II母备用回路2~WDH-821A~遥脉~反向无功电度,1,1
521,10kV II母备用回路2~WDH-821A~遥脉~反向有功电度,10kV II母备用回路2~WDH-821A~遥脉~反向有功电度,10kV II母备用回路2~WDH-821A~遥脉~反向有功电度,1,1
522,10kV II母备用回路2~WDH-821A~遥脉~正向有功电度,10kV II母备用回路2~WDH-821A~遥脉~正向有功电度,10kV II母备用回路2~WDH-821A~遥脉~正向有功电度,1,1
523,10kV II母备用回路2~WDH-821A~遥脉~正向无功电度,10kV II母备用回路2~WDH-821A~遥脉~正向无功电度,10kV II母备用回路2~WDH-821A~遥脉~正向无功电度,1,1
524,10kV II母备用回路1~WCB-821A~遥测~IA,10kV II母备用回路1~WCB-821A~遥测~IA,10kV II母备用回路1~WCB-821A~遥测~IA,1,1
525,10kV II母备用回路1~WCB-821A~遥测~IC,10kV II母备用回路1~WCB-821A~遥测~IC,10kV II母备用回路1~WCB-821A~遥测~IC,1,1
526,10kV II母备用回路1~WCB-821A~遥测~P,10kV II母备用回路1~WCB-821A~遥测~P,10kV II母备用回路1~WCB-821A~遥测~P,1,1
527,10kV II母备用回路1~WCB-821A~遥测~Q,10kV II母备用回路1~WCB-821A~遥测~Q,10kV II母备用回路1~WCB-821A~遥测~Q,1,1
528,10kV II母备用回路1~WCB-821A~遥测~COS,10kV II母备用回路1~WCB-821A~遥测~COS,10kV II母备用回路1~WCB-821A~遥测~COS,1,1
529,10kV II母备用回路1~WCB-821A~遥信~手车试验位置,10kV II母备用回路1~WCB-821A~遥信~手车试验位置,10kV II母备用回路1~WCB-821A~遥信~手车试验位置,1,1
530,10kV II母备用回路1~WCB-821A~遥信~手车工作位置,10kV II母备用回路1~WCB-821A~遥信~手车工作位置,10kV II母备用回路1~WCB-821A~遥信~手车工作位置,1,1
531,10kV II母备用回路1~WCB-821A~遥信~分位,10kV II母备用回路1~WCB-821A~遥信~分位,10kV II母备用回路1~WCB-821A~遥信~分位,1,1
532,10kV II母备用回路1~WCB-821A~遥信~合位,10kV II母备用回路1~WCB-821A~遥信~合位,10kV II母备用回路1~WCB-821A~遥信~合位,1,1
533,10kV II母备用回路1~WCB-821A~遥信~接地刀合位,10kV II母备用回路1~WCB-821A~遥信~接地刀合位,10kV II母备用回路1~WCB-821A~遥信~接地刀合位,1,1
534,10kV II母备用回路1~WCB-821A~遥脉~反向无功电度,10kV II母备用回路1~WCB-821A~遥脉~反向无功电度,10kV II母备用回路1~WCB-821A~遥脉~反向无功电度,1,1
535,10kV II母备用回路1~WCB-821A~遥脉~反向有功电度,10kV II母备用回路1~WCB-821A~遥脉~反向有功电度,10kV II母备用回路1~WCB-821A~遥脉~反向有功电度,1,1
536,10kV II母备用回路1~WCB-821A~遥脉~正向有功电度,10kV II母备用回路1~WCB-821A~遥脉~正向有功电度,10kV II母备用回路1~WCB-821A~遥脉~正向有功电度,1,1
537,10kV II母备用回路1~WCB-821A~遥脉~正向无功电度,10kV II母备用回路1~WCB-821A~遥脉~正向无功电度,10kV II母备用回路1~WCB-821A~遥脉~正向无功电度,1,1
538,2#厂变高压侧162开关~WCB-821A~遥测~IA,2#厂变高压侧162开关~WCB-821A~遥测~IA,2#厂变高压侧162开关~WCB-821A~遥测~IA,1,1
539,2#厂变高压侧162开关~WCB-821A~遥测~IC,2#厂变高压侧162开关~WCB-821A~遥测~IC,2#厂变高压侧162开关~WCB-821A~遥测~IC,1,1
540,2#厂变高压侧162开关~WCB-821A~遥测~P,2#厂变高压侧162开关~WCB-821A~遥测~P,2#厂变高压侧162开关~WCB-821A~遥测~P,1,1
541,2#厂变高压侧162开关~WCB-821A~遥测~Q,2#厂变高压侧162开关~WCB-821A~遥测~Q,2#厂变高压侧162开关~WCB-821A~遥测~Q,1,1
542,2#厂变高压侧162开关~WCB-821A~遥测~COS,2#厂变高压侧162开关~WCB-821A~遥测~COS,2#厂变高压侧162开关~WCB-821A~遥测~COS,1,1
543,2#厂变高压侧162开关~WCB-821A~遥信~手车试验位置,2#厂变高压侧162开关~WCB-821A~遥信~手车试验位置,2#厂变高压侧162开关~WCB-821A~遥信~手车试验位置,1,1
544,2#厂变高压侧162开关~WCB-821A~遥信~手车工作位置,2#厂变高压侧162开关~WCB-821A~遥信~手车工作位置,2#厂变高压侧162开关~WCB-821A~遥信~手车工作位置,1,1
545,2#厂变高压侧162开关~WCB-821A~遥信~分位,2#厂变高压侧162开关~WCB-821A~遥信~分位,2#厂变高压侧162开关~WCB-821A~遥信~分位,1,1
546,2#厂变高压侧162开关~WCB-821A~遥信~合位,2#厂变高压侧162开关~WCB-821A~遥信~合位,2#厂变高压侧162开关~WCB-821A~遥信~合位,1,1
547,2#厂变高压侧162开关~WCB-821A~遥信~接地刀合位,2#厂变高压侧162开关~WCB-821A~遥信~接地刀合位,2#厂变高压侧162开关~WCB-821A~遥信~接地刀合位,1,1
548,2#厂变高压侧162开关~WCB-821A~遥脉~反向无功电度,2#厂变高压侧162开关~WCB-821A~遥脉~反向无功电度,2#厂变高压侧162开关~WCB-821A~遥脉~反向无功电度,1,1
549,2#厂变高压侧162开关~WCB-821A~遥脉~反向有功电度,2#厂变高压侧162开关~WCB-821A~遥脉~反向有功电度,2#厂变高压侧162开关~WCB-821A~遥脉~反向有功电度,1,1
550,2#厂变高压侧162开关~WCB-821A~遥脉~正向有功电度,2#厂变高压侧162开关~WCB-821A~遥脉~正向有功电度,2#厂变高压侧162开关~WCB-821A~遥脉~正向有功电度,1,1
551,2#厂变高压侧162开关~WCB-821A~遥脉~正向无功电度,2#厂变高压侧162开关~WCB-821A~遥脉~正向无功电度,2#厂变高压侧162开关~WCB-821A~遥脉~正向无功电度,1,1
552,4#厂变高压侧164开关~WCB-821A~遥脉~正向无功电度,4#厂变高压侧164开关~WCB-821A~遥脉~正向无功电度,4#厂变高压侧164开关~WCB-821A~遥脉~正向无功电度,1,1
553,4#厂变高压侧164开关~WCB-821A~遥脉~正向有功电度,4#厂变高压侧164开关~WCB-821A~遥脉~正向有功电度,4#厂变高压侧164开关~WCB-821A~遥脉~正向有功电度,1,1
554,4#厂变高压侧164开关~WCB-821A~遥脉~反向有功电度,4#厂变高压侧164开关~WCB-821A~遥脉~反向有功电度,4#厂变高压侧164开关~WCB-821A~遥脉~反向有功电度,1,1
555,4#厂变高压侧164开关~WCB-821A~遥脉~反向无功电度,4#厂变高压侧164开关~WCB-821A~遥脉~反向无功电度,4#厂变高压侧164开关~WCB-821A~遥脉~反向无功电度,1,1
556,4#厂变高压侧164开关~WCB-821A~遥信~接地刀合位,4#厂变高压侧164开关~WCB-821A~遥信~接地刀合位,4#厂变高压侧164开关~WCB-821A~遥信~接地刀合位,1,1
557,4#厂变高压侧164开关~WCB-821A~遥信~合位,4#厂变高压侧164开关~WCB-821A~遥信~合位,4#厂变高压侧164开关~WCB-821A~遥信~合位,1,1
558,4#厂变高压侧164开关~WCB-821A~遥信~分位,4#厂变高压侧164开关~WCB-821A~遥信~分位,4#厂变高压侧164开关~WCB-821A~遥信~分位,1,1
559,4#厂变高压侧164开关~WCB-821A~遥信~手车工作位置,4#厂变高压侧164开关~WCB-821A~遥信~手车工作位置,4#厂变高压侧164开关~WCB-821A~遥信~手车工作位置,1,1
560,4#厂变高压侧164开关~WCB-821A~遥信~手车试验位置,4#厂变高压侧164开关~WCB-821A~遥信~手车试验位置,4#厂变高压侧164开关~WCB-821A~遥信~手车试验位置,1,1
561,4#厂变高压侧164开关~WCB-821A~遥测~COS,4#厂变高压侧164开关~WCB-821A~遥测~COS,4#厂变高压侧164开关~WCB-821A~遥测~COS,1,1
562,4#厂变高压侧164开关~WCB-821A~遥测~Q,4#厂变高压侧164开关~WCB-821A~遥测~Q,4#厂变高压侧164开关~WCB-821A~遥测~Q,1,1
563,4#厂变高压侧164开关~WCB-821A~遥测~P,4#厂变高压侧164开关~WCB-821A~遥测~P,4#厂变高压侧164开关~WCB-821A~遥测~P,1,1
564,4#厂变高压侧164开关~WCB-821A~遥测~IC,4#厂变高压侧164开关~WCB-821A~遥测~IC,4#厂变高压侧164开关~WCB-821A~遥测~IC,1,1
565,4#厂变高压侧164开关~WCB-821A~遥测~IA,4#厂变高压侧164开关~WCB-821A~遥测~IA,4#厂变高压侧164开关~WCB-821A~遥测~IA,1,1
566,10kV I母备用回路2~WCB-821A~遥脉~正向无功电度,10kV I母备用回路2~WCB-821A~遥脉~正向无功电度,10kV I母备用回路2~WCB-821A~遥脉~正向无功电度,1,1
567,10kV I母备用回路2~WCB-821A~遥脉~正向有功电度,10kV I母备用回路2~WCB-821A~遥脉~正向有功电度,10kV I母备用回路2~WCB-821A~遥脉~正向有功电度,1,1
568,10kV I母备用回路2~WCB-821A~遥脉~反向有功电度,10kV I母备用回路2~WCB-821A~遥脉~反向有功电度,10kV I母备用回路2~WCB-821A~遥脉~反向有功电度,1,1
569,10kV I母备用回路2~WCB-821A~遥脉~反向无功电度,10kV I母备用回路2~WCB-821A~遥脉~反向无功电度,10kV I母备用回路2~WCB-821A~遥脉~反向无功电度,1,1
570,10kV I母备用回路2~WCB-821A~遥信~接地刀合位,10kV I母备用回路2~WCB-821A~遥信~接地刀合位,10kV I母备用回路2~WCB-821A~遥信~接地刀合位,1,1
571,10kV I母备用回路2~WCB-821A~遥信~合位,10kV I母备用回路2~WCB-821A~遥信~合位,10kV I母备用回路2~WCB-821A~遥信~合位,1,1
572,10kV I母备用回路2~WCB-821A~遥信~分位,10kV I母备用回路2~WCB-821A~遥信~分位,10kV I母备用回路2~WCB-821A~遥信~分位,1,1
573,10kV I母备用回路2~WCB-821A~遥信~手车工作位置,10kV I母备用回路2~WCB-821A~遥信~手车工作位置,10kV I母备用回路2~WCB-821A~遥信~手车工作位置,1,1
574,10kV I母备用回路2~WCB-821A~遥信~手车试验位置,10kV I母备用回路2~WCB-821A~遥信~手车试验位置,10kV I母备用回路2~WCB-821A~遥信~手车试验位置,1,1
575,10kV I母备用回路2~WCB-821A~遥测~COS,10kV I母备用回路2~WCB-821A~遥测~COS,10kV I母备用回路2~WCB-821A~遥测~COS,1,1
576,10kV I母备用回路2~WCB-821A~遥测~Q,10kV I母备用回路2~WCB-821A~遥测~Q,10kV I母备用回路2~WCB-821A~遥测~Q,1,1
577,10kV I母备用回路2~WCB-821A~遥测~P,10kV I母备用回路2~WCB-821A~遥测~P,10kV I母备用回路2~WCB-821A~遥测~P,1,1
578,10kV I母备用回路2~WCB-821A~遥测~IC,10kV I母备用回路2~WCB-821A~遥测~IC,10kV I母备用回路2~WCB-821A~遥测~IC,1,1
579,10kV I母备用回路2~WCB-821A~遥测~IA,10kV I母备用回路2~WCB-821A~遥测~IA,10kV I母备用回路2~WCB-821A~遥测~IA,1,1
580,电度表~DSSD3341~遥脉~702正向有功电度,电度表~DSSD3341~遥脉~702正向有功电度,电度表~DSSD3341~遥脉~702正向有功电度,1,1
581,电度表~DSSD3341~遥脉~702反向有功电度,电度表~DSSD3341~遥脉~702反向有功电度,电度表~DSSD3341~遥脉~702反向有功电度,1,1
582,电度表~DSSD3341~遥脉~702正向无功电度,电度表~DSSD3341~遥脉~702正向无功电度,电度表~DSSD3341~遥脉~702正向无功电度,1,1
583,电度表~DSSD3341~遥脉~702反向无功电度,电度表~DSSD3341~遥脉~702反向无功电度,电度表~DSSD3341~遥脉~702反向无功电度,1,1
584,电度表~DSSD3341~遥脉~112正向有功电度,电度表~DSSD3341~遥脉~112正向有功电度,电度表~DSSD3341~遥脉~112正向有功电度,1,1
585,电度表~DSSD3341~遥脉~701正向无功电度,电度表~DSSD3341~遥脉~701正向无功电度,电度表~DSSD3341~遥脉~701正向无功电度,1,1
586,电度表~DSSD3341~遥脉~112反向有功电度,电度表~DSSD3341~遥脉~112反向有功电度,电度表~DSSD3341~遥脉~112反向有功电度,1,1
587,电度表~DSSD3341~遥脉~701反向无功电度,电度表~DSSD3341~遥脉~701反向无功电度,电度表~DSSD3341~遥脉~701反向无功电度,1,1
588,电度表~DSSD3341~遥脉~701正向有功电度,电度表~DSSD3341~遥脉~701正向有功电度,电度表~DSSD3341~遥脉~701正向有功电度,1,1
589,电度表~DSSD3341~遥脉~112正向无功电度,电度表~DSSD3341~遥脉~112正向无功电度,电度表~DSSD3341~遥脉~112正向无功电度,1,1
590,电度表~DSSD3341~遥脉~701反向有功电度,电度表~DSSD3341~遥脉~701反向有功电度,电度表~DSSD3341~遥脉~701反向有功电度,1,1
591,电度表~DSSD3341~遥脉~111反向无功电度,电度表~DSSD3341~遥脉~111反向无功电度,电度表~DSSD3341~遥脉~111反向无功电度,1,1
592,电度表~DSSD3341~遥脉~112反向无功电度,电度表~DSSD3341~遥脉~112反向无功电度,电度表~DSSD3341~遥脉~112反向无功电度,1,1
593,电度表~DSSD3341~遥脉~111反向有功电度,电度表~DSSD3341~遥脉~111反向有功电度,电度表~DSSD3341~遥脉~111反向有功电度,1,1
594,电度表~DSSD3341~遥脉~111正向无功电度,电度表~DSSD3341~遥脉~111正向无功电度,电度表~DSSD3341~遥脉~111正向无功电度,1,1
595,电度表~DSSD3341~遥脉~111正向有功电度,电度表~DSSD3341~遥脉~111正向有功电度,电度表~DSSD3341~遥脉~111正向有功电度,1,1
